case,instr,mask,warp,thread,golden_ct,faulty_ct,diff_count,diff_positions,fault_column,fault_done
round9,3700,255,-1,-1,3925841d02dc09fbdc118597196a0b32,f925841d02dc090cdc117d9719680b32,4,"0,7,10,13",0,1
round9,3700,128,-1,-1,3925841d02dc09fbdc118597196a0b32,fd25841d02dc09f7dc11f99719c50b32,4,"0,7,10,13",0,1
round9,3700,85,-1,-1,3925841d02dc09fbdc118597196a0b32,f825841d02dc09abdc11f39719e90b32,4,"0,7,10,13",0,1
round9,3700,42,-1,-1,3925841d02dc09fbdc118597196a0b32,5125841d02dc0942dc118697199c0b32,4,"0,7,10,13",0,1
round9,3700,1,-1,-1,3925841d02dc09fbdc118597196a0b32,4a25841d02dc0918dc11d29719520b32,4,"0,7,10,13",0,1
round9,3702,255,-1,-1,3925841d02dc09fbdc118597196a0b32,f925841d02dc090cdc117d9719680b32,4,"0,7,10,13",0,1
round9,3702,128,-1,-1,3925841d02dc09fbdc118597196a0b32,fd25841d02dc09f7dc11f99719c50b32,4,"0,7,10,13",0,1
round9,3702,85,-1,-1,3925841d02dc09fbdc118597196a0b32,f825841d02dc09abdc11f39719e90b32,4,"0,7,10,13",0,1
round9,3702,42,-1,-1,3925841d02dc09fbdc118597196a0b32,5125841d02dc0942dc118697199c0b32,4,"0,7,10,13",0,1
round9,3702,1,-1,-1,3925841d02dc09fbdc118597196a0b32,4a25841d02dc0918dc11d29719520b32,4,"0,7,10,13",0,1
round9,3704,255,-1,-1,3925841d02dc09fbdc118597196a0b32,3925251d020109fbfe118597196a0bfa,4,"2,5,8,15",2,1
round9,3704,128,-1,-1,3925841d02dc09fbdc118597196a0b32,3925991d02c609fb41118597196a0b57,4,"2,5,8,15",2,1
round9,3704,85,-1,-1,3925841d02dc09fbdc118597196a0b32,39256e1d02fe09fb5b118597196a0b37,4,"2,5,8,15",2,1
round9,3704,42,-1,-1,3925841d02dc09fbdc118597196a0b32,3925911d027409fb78118597196a0b8c,4,"2,5,8,15",2,1
round9,3704,1,-1,-1,3925841d02dc09fbdc118597196a0b32,3925391d028c09fbbc118597196a0b5e,4,"2,5,8,15",2,1
round9,3706,255,-1,-1,3925841d02dc09fbdc118597196a0b32,f925841d02dc090cdc117d9719680b32,4,"0,7,10,13",0,1
round9,3706,128,-1,-1,3925841d02dc09fbdc118597196a0b32,fd25841d02dc09f7dc11f99719c50b32,4,"0,7,10,13",0,1
round9,3706,85,-1,-1,3925841d02dc09fbdc118597196a0b32,f825841d02dc09abdc11f39719e90b32,4,"0,7,10,13",0,1
round9,3706,42,-1,-1,3925841d02dc09fbdc118597196a0b32,5125841d02dc0942dc118697199c0b32,4,"0,7,10,13",0,1
round9,3706,1,-1,-1,3925841d02dc09fbdc118597196a0b32,4a25841d02dc0918dc11d29719520b32,4,"0,7,10,13",0,1
round9,3708,255,-1,-1,3925841d02dc09fbdc118597196a0b32,3925251d020109fbfe118597196a0bfa,4,"2,5,8,15",2,1
round9,3708,128,-1,-1,3925841d02dc09fbdc118597196a0b32,3925991d02c609fb41118597196a0b57,4,"2,5,8,15",2,1
round9,3708,85,-1,-1,3925841d02dc09fbdc118597196a0b32,39256e1d02fe09fb5b118597196a0b37,4,"2,5,8,15",2,1
round9,3708,42,-1,-1,3925841d02dc09fbdc118597196a0b32,3925911d027409fb78118597196a0b8c,4,"2,5,8,15",2,1
round9,3708,1,-1,-1,3925841d02dc09fbdc118597196a0b32,3925391d028c09fbbc118597196a0b5e,4,"2,5,8,15",2,1
round9,3710,255,-1,-1,3925841d02dc09fbdc118597196a0b32,395e841d38dc09fbdc118518196ae832,4,"1,4,11,14",1,1
round9,3710,85,-1,-1,3925841d02dc09fbdc118597196a0b32,39fd841d17dc09fbdc118591196a5c32,4,"1,4,11,14",1,1
round9,3710,42,-1,-1,3925841d02dc09fbdc118597196a0b32,39fc841dc1dc09fbdc118525196a0d32,4,"1,4,11,14",1,1
round9,3710,1,-1,-1,3925841d02dc09fbdc118597196a0b32,39b0841dcbdc09fbdc118550196a3032,4,"1,4,11,14",1,1
round9,3712,255,-1,-1,3925841d02dc09fbdc118597196a0b32,f925841d02dc090cdc117d9719680b32,4,"0,7,10,13",0,1
round9,3712,128,-1,-1,3925841d02dc09fbdc118597196a0b32,fd25841d02dc09f7dc11f99719c50b32,4,"0,7,10,13",0,1
round9,3712,85,-1,-1,3925841d02dc09fbdc118597196a0b32,f825841d02dc09abdc11f39719e90b32,4,"0,7,10,13",0,1
round9,3712,42,-1,-1,3925841d02dc09fbdc118597196a0b32,5125841d02dc0942dc118697199c0b32,4,"0,7,10,13",0,1
round9,3712,1,-1,-1,3925841d02dc09fbdc118597196a0b32,4a25841d02dc0918dc11d29719520b32,4,"0,7,10,13",0,1
round9,3714,255,-1,-1,3925841d02dc09fbdc118597196a0b32,395c841dc3dc09fbdc1185b7196ad432,4,"1,4,11,14",1,1
round9,3714,128,-1,-1,3925841d02dc09fbdc118597196a0b32,3919841d96dc09fbdc1185f7196a1732,4,"1,4,11,14",1,1
round9,3714,85,-1,-1,3925841d02dc09fbdc118597196a0b32,395d841dafdc09fbdc1185f5196a7632,4,"1,4,11,14",1,1
round9,3714,42,-1,-1,3925841d02dc09fbdc118597196a0b32,39f2841ddadc09fbdc11856d196a2332,4,"1,4,11,14",1,1
round9,3714,1,-1,-1,3925841d02dc09fbdc118597196a0b32,396f841d5bdc09fbdc1185d5196a8832,4,"1,4,11,14",1,1
round9,3716,255,-1,-1,3925841d02dc09fbdc118597196a0b32,3925251d020109fbfe118597196a0bfa,4,"2,5,8,15",2,1
round9,3716,128,-1,-1,3925841d02dc09fbdc118597196a0b32,3925991d02c609fb41118597196a0b57,4,"2,5,8,15",2,1
round9,3716,85,-1,-1,3925841d02dc09fbdc118597196a0b32,39256e1d02fe09fb5b118597196a0b37,4,"2,5,8,15",2,1
round9,3716,42,-1,-1,3925841d02dc09fbdc118597196a0b32,3925911d027409fb78118597196a0b8c,4,"2,5,8,15",2,1
round9,3716,1,-1,-1,3925841d02dc09fbdc118597196a0b32,3925391d028c09fbbc118597196a0b5e,4,"2,5,8,15",2,1
round9,3718,255,-1,-1,3925841d02dc09fbdc118597196a0b32,395c841dc3dc09fbdc1185b7196ad432,4,"1,4,11,14",1,1
round9,3718,128,-1,-1,3925841d02dc09fbdc118597196a0b32,3919841d96dc09fbdc1185f7196a1732,4,"1,4,11,14",1,1
round9,3718,85,-1,-1,3925841d02dc09fbdc118597196a0b32,395d841dafdc09fbdc1185f5196a7632,4,"1,4,11,14",1,1
round9,3718,42,-1,-1,3925841d02dc09fbdc118597196a0b32,39f2841ddadc09fbdc11856d196a2332,4,"1,4,11,14",1,1
round9,3718,1,-1,-1,3925841d02dc09fbdc118597196a0b32,396f841d5bdc09fbdc1185d5196a8832,4,"1,4,11,14",1,1
round9,3720,255,-1,-1,3925841d02dc09fbdc118597196a0b32,f925841d02dc090cdc117d9719680b32,4,"0,7,10,13",0,1
round9,3720,128,-1,-1,3925841d02dc09fbdc118597196a0b32,fd25841d02dc09f7dc11f99719c50b32,4,"0,7,10,13",0,1
round9,3720,85,-1,-1,3925841d02dc09fbdc118597196a0b32,f825841d02dc09abdc11f39719e90b32,4,"0,7,10,13",0,1
round9,3720,42,-1,-1,3925841d02dc09fbdc118597196a0b32,5125841d02dc0942dc118697199c0b32,4,"0,7,10,13",0,1
round9,3720,1,-1,-1,3925841d02dc09fbdc118597196a0b32,4a25841d02dc0918dc11d29719520b32,4,"0,7,10,13",0,1
round9,3722,255,-1,-1,3925841d02dc09fbdc118597196a0b32,395c841dc3dc09fbdc1185b7196ad432,4,"1,4,11,14",1,1
round9,3722,128,-1,-1,3925841d02dc09fbdc118597196a0b32,3919841d96dc09fbdc1185f7196a1732,4,"1,4,11,14",1,1
round9,3722,85,-1,-1,3925841d02dc09fbdc118597196a0b32,395d841dafdc09fbdc1185f5196a7632,4,"1,4,11,14",1,1
round9,3722,42,-1,-1,3925841d02dc09fbdc118597196a0b32,39f2841ddadc09fbdc11856d196a2332,4,"1,4,11,14",1,1
round9,3722,1,-1,-1,3925841d02dc09fbdc118597196a0b32,396f841d5bdc09fbdc1185d5196a8832,4,"1,4,11,14",1,1
round9,3724,255,-1,-1,3925841d02dc09fbdc118597196a0b32,395c841dc3dc09fbdc1185b7196ad432,4,"1,4,11,14",1,1
round9,3724,128,-1,-1,3925841d02dc09fbdc118597196a0b32,3919841d96dc09fbdc1185f7196a1732,4,"1,4,11,14",1,1
round9,3724,85,-1,-1,3925841d02dc09fbdc118597196a0b32,395d841dafdc09fbdc1185f5196a7632,4,"1,4,11,14",1,1
round9,3724,42,-1,-1,3925841d02dc09fbdc118597196a0b32,39f2841ddadc09fbdc11856d196a2332,4,"1,4,11,14",1,1
round9,3724,1,-1,-1,3925841d02dc09fbdc118597196a0b32,396f841d5bdc09fbdc1185d5196a8832,4,"1,4,11,14",1,1
round9,3726,255,-1,-1,3925841d02dc09fbdc118597196a0b32,f925841d02dc090cdc117d9719680b32,4,"0,7,10,13",0,1
round9,3726,128,-1,-1,3925841d02dc09fbdc118597196a0b32,fd25841d02dc09f7dc11f99719c50b32,4,"0,7,10,13",0,1
round9,3726,85,-1,-1,3925841d02dc09fbdc118597196a0b32,f825841d02dc09abdc11f39719e90b32,4,"0,7,10,13",0,1
round9,3726,42,-1,-1,3925841d02dc09fbdc118597196a0b32,5125841d02dc0942dc118697199c0b32,4,"0,7,10,13",0,1
round9,3726,1,-1,-1,3925841d02dc09fbdc118597196a0b32,4a25841d02dc0918dc11d29719520b32,4,"0,7,10,13",0,1
round9,3734,255,-1,-1,3925841d02dc09fbdc118597196a0b32,7a25841d02dc09e9dc111c9719c30b32,4,"0,7,10,13",0,1
round9,3734,128,-1,-1,3925841d02dc09fbdc118597196a0b32,1825841d02dc09bddc11109719120b32,4,"0,7,10,13",0,1
round9,3734,85,-1,-1,3925841d02dc09fbdc118597196a0b32,f625841d02dc09f0dc11169719710b32,4,"0,7,10,13",0,1
round9,3734,42,-1,-1,3925841d02dc09fbdc118597196a0b32,cc25841d02dc0900dc117e97198f0b32,4,"0,7,10,13",0,1
round9,3734,1,-1,-1,3925841d02dc09fbdc118597196a0b32,ea25841d02dc09f9dc11e79719a50b32,4,"0,7,10,13",0,1
round9,3736,255,-1,-1,3925841d02dc09fbdc118597196a0b32,3922841d2adc09fbdc118570196a2f32,4,"1,4,11,14",1,1
round9,3736,128,-1,-1,3925841d02dc09fbdc118597196a0b32,39f8841d64dc09fbdc11858d196a2632,4,"1,4,11,14",1,1
round9,3736,85,-1,-1,3925841d02dc09fbdc118597196a0b32,392a841dacdc09fbdc1185c3196aca32,4,"1,4,11,14",1,1
round9,3736,42,-1,-1,3925841d02dc09fbdc118597196a0b32,3909841df3dc09fbdc1185bb196ae432,4,"1,4,11,14",1,1
round9,3736,1,-1,-1,3925841d02dc09fbdc118597196a0b32,3988841deedc09fbdc11857d196a6b32,4,"1,4,11,14",1,1
round9,3738,255,-1,-1,3925841d02dc09fbdc118597196a0b32,da25841d02dc097edc11789719670b32,4,"0,7,10,13",0,1
round9,3738,85,-1,-1,3925841d02dc09fbdc118597196a0b32,cc25841d02dc0900dc117e97198f0b32,4,"0,7,10,13",0,1
round9,3738,42,-1,-1,3925841d02dc09fbdc118597196a0b32,f425841d02dc09b6dc11d19719660b32,4,"0,7,10,13",0,1
round9,3738,1,-1,-1,3925841d02dc09fbdc118597196a0b32,1625841d02dc0984dc11cc97196f0b32,4,"0,7,10,13",0,1
round9,3740,255,-1,-1,3925841d02dc09fbdc118597196a0b32,3925843c02dc11fbdce18597876a0b32,4,"3,6,9,12",3,1
round9,3740,128,-1,-1,3925841d02dc09fbdc118597196a0b32,392584b802dc4efbdcda8597636a0b32,4,"3,6,9,12",3,1
round9,3740,85,-1,-1,3925841d02dc09fbdc118597196a0b32,3925847f02dcb1fbdc698597aa6a0b32,4,"3,6,9,12",3,1
round9,3740,42,-1,-1,3925841d02dc09fbdc118597196a0b32,392584e402dc85fbdc048597946a0b32,4,"3,6,9,12",3,1
round9,3740,1,-1,-1,3925841d02dc09fbdc118597196a0b32,3925849702dc8cfbdc478597786a0b32,4,"3,6,9,12",3,1
round9,3742,255,-1,-1,3925841d02dc09fbdc118597196a0b32,394a841dffdc09fbdc11851e196a3132,4,"1,4,11,14",1,1
round9,3742,85,-1,-1,3925841d02dc09fbdc118597196a0b32,3967841daadc09fbdc1185d8196ae232,4,"1,4,11,14",1,1
round9,3742,42,-1,-1,3925841d02dc09fbdc118597196a0b32,39f7841d12dc09fbdc118535196a3532,4,"1,4,11,14",1,1
round9,3742,1,-1,-1,3925841d02dc09fbdc118597196a0b32,391c841d19dc09fbdc1185b9196adf32,4,"1,4,11,14",1,1
round9,3744,255,-1,-1,3925841d02dc09fbdc118597196a0b32,3972841da5dc09fbdc11858e196aaa32,4,"1,4,11,14",1,1
round9,3744,128,-1,-1,3925841d02dc09fbdc118597196a0b32,39f8841d64dc09fbdc11858d196a2632,4,"1,4,11,14",1,1
round9,3744,85,-1,-1,3925841d02dc09fbdc118597196a0b32,39c3841d09dc09fbdc118530196aa332,4,"1,4,11,14",1,1
round9,3744,42,-1,-1,3925841d02dc09fbdc118597196a0b32,3941841dd5dc09fbdc11859f196a0332,4,"1,4,11,14",1,1
round9,3744,1,-1,-1,3925841d02dc09fbdc118597196a0b32,39bd841d98dc09fbdc1185d0196a3e32,4,"1,4,11,14",1,1
round9,3746,255,-1,-1,3925841d02dc09fbdc118597196a0b32,392584bc02dc55fbdc928597b66a0b32,4,"3,6,9,12",3,1
round9,3746,85,-1,-1,3925841d02dc09fbdc118597196a0b32,3925848a02dcaefbdc3e8597fa6a0b32,4,"3,6,9,12",3,1
round9,3746,42,-1,-1,3925841d02dc09fbdc118597196a0b32,392584c302dc4dfbdc0d8597fd6a0b32,4,"3,6,9,12",3,1
round9,3746,1,-1,-1,3925841d02dc09fbdc118597196a0b32,3925849502dca9fbdc0b85979a6a0b32,4,"3,6,9,12",3,1
round9,3748,255,-1,-1,3925841d02dc09fbdc118597196a0b32,8825841d02dc09d6dc11499719cb0b32,4,"0,7,10,13",0,1
round9,3748,128,-1,-1,3925841d02dc09fbdc118597196a0b32,1225841d02dc097fdc118c97197c0b32,4,"0,7,10,13",0,1
round9,3748,85,-1,-1,3925841d02dc09fbdc118597196a0b32,4c25841d02dc097ddc11bd97191e0b32,4,"0,7,10,13",0,1
round9,3748,42,-1,-1,3925841d02dc09fbdc118597196a0b32,2425841d02dc09e8dc111497196d0b32,4,"0,7,10,13",0,1
round9,3748,1,-1,-1,3925841d02dc09fbdc118597196a0b32,4225841d02dc09f6dc111b9719cf0b32,4,"0,7,10,13",0,1
round9,3750,255,-1,-1,3925841d02dc09fbdc118597196a0b32,3972841da5dc09fbdc11858e196aaa32,4,"1,4,11,14",1,1
round9,3750,128,-1,-1,3925841d02dc09fbdc118597196a0b32,39f8841d64dc09fbdc11858d196a2632,4,"1,4,11,14",1,1
round9,3750,85,-1,-1,3925841d02dc09fbdc118597196a0b32,39c3841d09dc09fbdc118530196aa332,4,"1,4,11,14",1,1
round9,3750,42,-1,-1,3925841d02dc09fbdc118597196a0b32,3941841dd5dc09fbdc11859f196a0332,4,"1,4,11,14",1,1
round9,3750,1,-1,-1,3925841d02dc09fbdc118597196a0b32,39bd841d98dc09fbdc1185d0196a3e32,4,"1,4,11,14",1,1
round9,3752,255,-1,-1,3925841d02dc09fbdc118597196a0b32,392584bc02dc55fbdc928597b66a0b32,4,"3,6,9,12",3,1
round9,3752,85,-1,-1,3925841d02dc09fbdc118597196a0b32,3925848a02dcaefbdc3e8597fa6a0b32,4,"3,6,9,12",3,1
round9,3752,42,-1,-1,3925841d02dc09fbdc118597196a0b32,392584c302dc4dfbdc0d8597fd6a0b32,4,"3,6,9,12",3,1
round9,3752,1,-1,-1,3925841d02dc09fbdc118597196a0b32,3925849502dca9fbdc0b85979a6a0b32,4,"3,6,9,12",3,1
round9,3754,255,-1,-1,3925841d02dc09fbdc118597196a0b32,8825841d02dc09d6dc11499719cb0b32,4,"0,7,10,13",0,1
round9,3754,128,-1,-1,3925841d02dc09fbdc118597196a0b32,1225841d02dc097fdc118c97197c0b32,4,"0,7,10,13",0,1
round9,3754,85,-1,-1,3925841d02dc09fbdc118597196a0b32,4c25841d02dc097ddc11bd97191e0b32,4,"0,7,10,13",0,1
round9,3754,42,-1,-1,3925841d02dc09fbdc118597196a0b32,2425841d02dc09e8dc111497196d0b32,4,"0,7,10,13",0,1
round9,3754,1,-1,-1,3925841d02dc09fbdc118597196a0b32,4225841d02dc09f6dc111b9719cf0b32,4,"0,7,10,13",0,1
round9,3756,255,-1,-1,3925841d02dc09fbdc118597196a0b32,8825841d02dc09d6dc11499719cb0b32,4,"0,7,10,13",0,1
round9,3756,128,-1,-1,3925841d02dc09fbdc118597196a0b32,1225841d02dc097fdc118c97197c0b32,4,"0,7,10,13",0,1
round9,3756,85,-1,-1,3925841d02dc09fbdc118597196a0b32,4c25841d02dc097ddc11bd97191e0b32,4,"0,7,10,13",0,1
round9,3756,42,-1,-1,3925841d02dc09fbdc118597196a0b32,2425841d02dc09e8dc111497196d0b32,4,"0,7,10,13",0,1
round9,3756,1,-1,-1,3925841d02dc09fbdc118597196a0b32,4225841d02dc09f6dc111b9719cf0b32,4,"0,7,10,13",0,1
round9,3758,255,-1,-1,3925841d02dc09fbdc118597196a0b32,3972841da5dc09fbdc11858e196aaa32,4,"1,4,11,14",1,1
round9,3758,128,-1,-1,3925841d02dc09fbdc118597196a0b32,39f8841d64dc09fbdc11858d196a2632,4,"1,4,11,14",1,1
round9,3758,85,-1,-1,3925841d02dc09fbdc118597196a0b32,39c3841d09dc09fbdc118530196aa332,4,"1,4,11,14",1,1
round9,3758,42,-1,-1,3925841d02dc09fbdc118597196a0b32,3941841dd5dc09fbdc11859f196a0332,4,"1,4,11,14",1,1
round9,3758,1,-1,-1,3925841d02dc09fbdc118597196a0b32,39bd841d98dc09fbdc1185d0196a3e32,4,"1,4,11,14",1,1
round9,3760,255,-1,-1,3925841d02dc09fbdc118597196a0b32,3972841da5dc09fbdc11858e196aaa32,4,"1,4,11,14",1,1
round9,3760,128,-1,-1,3925841d02dc09fbdc118597196a0b32,39f8841d64dc09fbdc11858d196a2632,4,"1,4,11,14",1,1
round9,3760,85,-1,-1,3925841d02dc09fbdc118597196a0b32,39c3841d09dc09fbdc118530196aa332,4,"1,4,11,14",1,1
round9,3760,42,-1,-1,3925841d02dc09fbdc118597196a0b32,3941841dd5dc09fbdc11859f196a0332,4,"1,4,11,14",1,1
round9,3760,1,-1,-1,3925841d02dc09fbdc118597196a0b32,39bd841d98dc09fbdc1185d0196a3e32,4,"1,4,11,14",1,1
round9,3762,255,-1,-1,3925841d02dc09fbdc118597196a0b32,3925841602dc1efbdc3685976a6a0b32,4,"3,6,9,12",3,1
round9,3762,128,-1,-1,3925841d02dc09fbdc118597196a0b32,392584b802dc4efbdcda8597636a0b32,4,"3,6,9,12",3,1
round9,3762,85,-1,-1,3925841d02dc09fbdc118597196a0b32,3925843b02dc73fbdcd785975f6a0b32,4,"3,6,9,12",3,1
round9,3762,42,-1,-1,3925841d02dc09fbdc118597196a0b32,3925840e02dc75fbdc128597486a0b32,4,"3,6,9,12",3,1
round9,3762,1,-1,-1,3925841d02dc09fbdc118597196a0b32,3925848b02dccbfbdc7e8597b96a0b32,4,"3,6,9,12",3,1
round9,3764,255,-1,-1,3925841d02dc09fbdc118597196a0b32,3972841da5dc09fbdc11858e196aaa32,4,"1,4,11,14",1,1
round9,3764,128,-1,-1,3925841d02dc09fbdc118597196a0b32,39f8841d64dc09fbdc11858d196a2632,4,"1,4,11,14",1,1
round9,3764,85,-1,-1,3925841d02dc09fbdc118597196a0b32,39c3841d09dc09fbdc118530196aa332,4,"1,4,11,14",1,1
round9,3764,42,-1,-1,3925841d02dc09fbdc118597196a0b32,3941841dd5dc09fbdc11859f196a0332,4,"1,4,11,14",1,1
round9,3764,1,-1,-1,3925841d02dc09fbdc118597196a0b32,39bd841d98dc09fbdc1185d0196a3e32,4,"1,4,11,14",1,1
round9,3766,255,-1,-1,3925841d02dc09fbdc118597196a0b32,3925841602dc1efbdc3685976a6a0b32,4,"3,6,9,12",3,1
round9,3766,128,-1,-1,3925841d02dc09fbdc118597196a0b32,392584b802dc4efbdcda8597636a0b32,4,"3,6,9,12",3,1
round9,3766,85,-1,-1,3925841d02dc09fbdc118597196a0b32,3925843b02dc73fbdcd785975f6a0b32,4,"3,6,9,12",3,1
round9,3766,42,-1,-1,3925841d02dc09fbdc118597196a0b32,3925840e02dc75fbdc128597486a0b32,4,"3,6,9,12",3,1
round9,3766,1,-1,-1,3925841d02dc09fbdc118597196a0b32,3925848b02dccbfbdc7e8597b96a0b32,4,"3,6,9,12",3,1
round9,3768,255,-1,-1,3925841d02dc09fbdc118597196a0b32,39256a1d024e09fbdd118597196a0ba2,4,"2,5,8,15",2,1
round9,3768,85,-1,-1,3925841d02dc09fbdc118597196a0b32,3925cb1d026409fb38118597196a0b44,4,"2,5,8,15",2,1
round9,3768,42,-1,-1,3925841d02dc09fbdc118597196a0b32,3925dc1d02c609fbfd118597196a0b10,4,"2,5,8,15",2,1
round9,3768,1,-1,-1,3925841d02dc09fbdc118597196a0b32,3925db1d026809fba3118597196a0b02,4,"2,5,8,15",2,1
round9,3770,255,-1,-1,3925841d02dc09fbdc118597196a0b32,3972841da5dc09fbdc11858e196aaa32,4,"1,4,11,14",1,1
round9,3770,128,-1,-1,3925841d02dc09fbdc118597196a0b32,39f8841d64dc09fbdc11858d196a2632,4,"1,4,11,14",1,1
round9,3770,85,-1,-1,3925841d02dc09fbdc118597196a0b32,39c3841d09dc09fbdc118530196aa332,4,"1,4,11,14",1,1
round9,3770,42,-1,-1,3925841d02dc09fbdc118597196a0b32,3941841dd5dc09fbdc11859f196a0332,4,"1,4,11,14",1,1
round9,3770,1,-1,-1,3925841d02dc09fbdc118597196a0b32,39bd841d98dc09fbdc1185d0196a3e32,4,"1,4,11,14",1,1
round9,3772,255,-1,-1,3925841d02dc09fbdc118597196a0b32,3925b01d02a509fb6f118597196a0b81,4,"2,5,8,15",2,1
round9,3772,128,-1,-1,3925841d02dc09fbdc118597196a0b32,3925e51d022009fb55118597196a0b59,4,"2,5,8,15",2,1
round9,3772,85,-1,-1,3925841d02dc09fbdc118597196a0b32,3925f11d024809fb3e118597196a0bb3,4,"2,5,8,15",2,1
round9,3772,42,-1,-1,3925841d02dc09fbdc118597196a0b32,3925e11d028b09fb71118597196a0b67,4,"2,5,8,15",2,1
round9,3772,1,-1,-1,3925841d02dc09fbdc118597196a0b32,3925f41d02de09fb72118597196a0b42,4,"2,5,8,15",2,1
round9,3774,255,-1,-1,3925841d02dc09fbdc118597196a0b32,3925841602dc1efbdc3685976a6a0b32,4,"3,6,9,12",3,1
round9,3774,128,-1,-1,3925841d02dc09fbdc118597196a0b32,392584b802dc4efbdcda8597636a0b32,4,"3,6,9,12",3,1
round9,3774,85,-1,-1,3925841d02dc09fbdc118597196a0b32,3925843b02dc73fbdcd785975f6a0b32,4,"3,6,9,12",3,1
round9,3774,42,-1,-1,3925841d02dc09fbdc118597196a0b32,3925840e02dc75fbdc128597486a0b32,4,"3,6,9,12",3,1
round9,3774,1,-1,-1,3925841d02dc09fbdc118597196a0b32,3925848b02dccbfbdc7e8597b96a0b32,4,"3,6,9,12",3,1
round9,3776,255,-1,-1,3925841d02dc09fbdc118597196a0b32,3925b01d02a509fb6f118597196a0b81,4,"2,5,8,15",2,1
round9,3776,128,-1,-1,3925841d02dc09fbdc118597196a0b32,3925e51d022009fb55118597196a0b59,4,"2,5,8,15",2,1
round9,3776,85,-1,-1,3925841d02dc09fbdc118597196a0b32,3925f11d024809fb3e118597196a0bb3,4,"2,5,8,15",2,1
round9,3776,42,-1,-1,3925841d02dc09fbdc118597196a0b32,3925e11d028b09fb71118597196a0b67,4,"2,5,8,15",2,1
round9,3776,1,-1,-1,3925841d02dc09fbdc118597196a0b32,3925f41d02de09fb72118597196a0b42,4,"2,5,8,15",2,1
round9,3778,255,-1,-1,3925841d02dc09fbdc118597196a0b32,3972841da5dc09fbdc11858e196aaa32,4,"1,4,11,14",1,1
round9,3778,128,-1,-1,3925841d02dc09fbdc118597196a0b32,39f8841d64dc09fbdc11858d196a2632,4,"1,4,11,14",1,1
round9,3778,85,-1,-1,3925841d02dc09fbdc118597196a0b32,39c3841d09dc09fbdc118530196aa332,4,"1,4,11,14",1,1
round9,3778,42,-1,-1,3925841d02dc09fbdc118597196a0b32,3941841dd5dc09fbdc11859f196a0332,4,"1,4,11,14",1,1
round9,3778,1,-1,-1,3925841d02dc09fbdc118597196a0b32,39bd841d98dc09fbdc1185d0196a3e32,4,"1,4,11,14",1,1
round9,3780,255,-1,-1,3925841d02dc09fbdc118597196a0b32,3925b01d02a509fb6f118597196a0b81,4,"2,5,8,15",2,1
round9,3780,128,-1,-1,3925841d02dc09fbdc118597196a0b32,3925e51d022009fb55118597196a0b59,4,"2,5,8,15",2,1
round9,3780,85,-1,-1,3925841d02dc09fbdc118597196a0b32,3925f11d024809fb3e118597196a0bb3,4,"2,5,8,15",2,1
round9,3780,42,-1,-1,3925841d02dc09fbdc118597196a0b32,3925e11d028b09fb71118597196a0b67,4,"2,5,8,15",2,1
round9,3780,1,-1,-1,3925841d02dc09fbdc118597196a0b32,3925f41d02de09fb72118597196a0b42,4,"2,5,8,15",2,1
round9,3782,255,-1,-1,3925841d02dc09fbdc118597196a0b32,3925b01d02a509fb6f118597196a0b81,4,"2,5,8,15",2,1
round9,3782,128,-1,-1,3925841d02dc09fbdc118597196a0b32,3925e51d022009fb55118597196a0b59,4,"2,5,8,15",2,1
round9,3782,85,-1,-1,3925841d02dc09fbdc118597196a0b32,3925f11d024809fb3e118597196a0bb3,4,"2,5,8,15",2,1
round9,3782,42,-1,-1,3925841d02dc09fbdc118597196a0b32,3925e11d028b09fb71118597196a0b67,4,"2,5,8,15",2,1
round9,3782,1,-1,-1,3925841d02dc09fbdc118597196a0b32,3925f41d02de09fb72118597196a0b42,4,"2,5,8,15",2,1
round9,3784,255,-1,-1,3925841d02dc09fbdc118597196a0b32,3972841da5dc09fbdc11858e196aaa32,4,"1,4,11,14",1,1
round9,3784,128,-1,-1,3925841d02dc09fbdc118597196a0b32,39f8841d64dc09fbdc11858d196a2632,4,"1,4,11,14",1,1
round9,3784,85,-1,-1,3925841d02dc09fbdc118597196a0b32,39c3841d09dc09fbdc118530196aa332,4,"1,4,11,14",1,1
round9,3784,42,-1,-1,3925841d02dc09fbdc118597196a0b32,3941841dd5dc09fbdc11859f196a0332,4,"1,4,11,14",1,1
round9,3784,1,-1,-1,3925841d02dc09fbdc118597196a0b32,39bd841d98dc09fbdc1185d0196a3e32,4,"1,4,11,14",1,1
round9,3792,255,-1,-1,3925841d02dc09fbdc118597196a0b32,398b841ddbdc09fbdc118581196aa132,4,"1,4,11,14",1,1
round9,3792,128,-1,-1,3925841d02dc09fbdc118597196a0b32,3963841d32dc09fbdc118587196a3d32,4,"1,4,11,14",1,1
round9,3792,85,-1,-1,3925841d02dc09fbdc118597196a0b32,3927841d5fdc09fbdc118528196a9032,4,"1,4,11,14",1,1
round9,3792,42,-1,-1,3925841d02dc09fbdc118597196a0b32,3999841dd0dc09fbdc118515196a9132,4,"1,4,11,14",1,1
round9,3792,1,-1,-1,3925841d02dc09fbdc118597196a0b32,39d7841d0fdc09fbdc11850d196ae632,4,"1,4,11,14",1,1
round9,3794,255,-1,-1,3925841d02dc09fbdc118597196a0b32,3925251d021309fb81118597196a0bb6,4,"2,5,8,15",2,1
round9,3794,128,-1,-1,3925841d02dc09fbdc118597196a0b32,3925ee1d027809fb8d118597196a0baf,4,"2,5,8,15",2,1
round9,3794,85,-1,-1,3925841d02dc09fbdc118597196a0b32,39257b1d02e409fb92118597196a0b5e,4,"2,5,8,15",2,1
round9,3794,42,-1,-1,3925841d02dc09fbdc118597196a0b32,3925641d022809fb41118597196a0b45,4,"2,5,8,15",2,1
round9,3794,1,-1,-1,3925841d02dc09fbdc118597196a0b32,39256c1d022e09fb2f118597196a0b14,4,"2,5,8,15",2,1
round9,3796,255,-1,-1,3925841d02dc09fbdc118597196a0b32,39a1841d70dc09fbdc1185e5196a5632,4,"1,4,11,14",1,1
round9,3796,85,-1,-1,3925841d02dc09fbdc118597196a0b32,3999841dd0dc09fbdc118515196a9132,4,"1,4,11,14",1,1
round9,3796,42,-1,-1,3925841d02dc09fbdc118597196a0b32,39fb841dacdc09fbdc1185f9196a4332,4,"1,4,11,14",1,1
round9,3796,1,-1,-1,3925841d02dc09fbdc118597196a0b32,39f6841dd6dc09fbdc1185b3196a0432,4,"1,4,11,14",1,1
round9,3798,255,-1,-1,3925841d02dc09fbdc118597196a0b32,4025841d02dc0972dc113c9719a50b32,4,"0,7,10,13",0,1
round9,3798,128,-1,-1,3925841d02dc09fbdc118597196a0b32,b325841d02dc096fdc11799719500b32,4,"0,7,10,13",0,1
round9,3798,85,-1,-1,3925841d02dc09fbdc118597196a0b32,7a25841d02dc0901dc11039719d90b32,4,"0,7,10,13",0,1
round9,3798,42,-1,-1,3925841d02dc09fbdc118597196a0b32,a425841d02dc09fcdc11eb9719450b32,4,"0,7,10,13",0,1
round9,3798,1,-1,-1,3925841d02dc09fbdc118597196a0b32,5325841d02dc0904dc11769719650b32,4,"0,7,10,13",0,1
round9,3800,255,-1,-1,3925841d02dc09fbdc118597196a0b32,39251e1d029909fb17118597196a0b72,4,"2,5,8,15",2,1
round9,3800,85,-1,-1,3925841d02dc09fbdc118597196a0b32,3925171d021f09fbbe118597196a0b0c,4,"2,5,8,15",2,1
round9,3800,42,-1,-1,3925841d02dc09fbdc118597196a0b32,3925e81d023f09fbb0118597196a0b68,4,"2,5,8,15",2,1
round9,3800,1,-1,-1,3925841d02dc09fbdc118597196a0b32,3925311d029509fba9118597196a0b04,4,"2,5,8,15",2,1
round9,3802,255,-1,-1,3925841d02dc09fbdc118597196a0b32,3925771d02ce09fb3b118597196a0bb7,4,"2,5,8,15",2,1
round9,3802,128,-1,-1,3925841d02dc09fbdc118597196a0b32,3925ee1d027809fb8d118597196a0baf,4,"2,5,8,15",2,1
round9,3802,85,-1,-1,3925841d02dc09fbdc118597196a0b32,3925471d027509fb35118597196a0b4d,4,"2,5,8,15",2,1
round9,3802,42,-1,-1,3925841d02dc09fbdc118597196a0b32,3925ae1d02ab09fb96118597196a0bfa,4,"2,5,8,15",2,1
round9,3802,1,-1,-1,3925841d02dc09fbdc118597196a0b32,39255d1d029709fb69118597196a0b40,4,"2,5,8,15",2,1
round9,3804,255,-1,-1,3925841d02dc09fbdc118597196a0b32,8d25841d02dc0935dc11be9719e40b32,4,"0,7,10,13",0,1
round9,3804,85,-1,-1,3925841d02dc09fbdc118597196a0b32,2b25841d02dc0919dc119597194d0b32,4,"0,7,10,13",0,1
round9,3804,42,-1,-1,3925841d02dc09fbdc118597196a0b32,5b25841d02dc096bdc11609719760b32,4,"0,7,10,13",0,1
round9,3804,1,-1,-1,3925841d02dc09fbdc118597196a0b32,5f25841d02dc09cddc113997196e0b32,4,"0,7,10,13",0,1
round9,3806,255,-1,-1,3925841d02dc09fbdc118597196a0b32,3931841de7dc09fbdc118541196a2332,4,"1,4,11,14",1,1
round9,3806,128,-1,-1,3925841d02dc09fbdc118597196a0b32,3901841dcadc09fbdc1185c9196ad932,4,"1,4,11,14",1,1
round9,3806,85,-1,-1,3925841d02dc09fbdc118597196a0b32,39e2841d08dc09fbdc118589196a1732,4,"1,4,11,14",1,1
round9,3806,42,-1,-1,3925841d02dc09fbdc118597196a0b32,39b4841d6edc09fbdc1185ef196a0032,4,"1,4,11,14",1,1
round9,3806,1,-1,-1,3925841d02dc09fbdc118597196a0b32,3987841d24dc09fbdc1185db196abe32,4,"1,4,11,14",1,1
round9,3808,255,-1,-1,3925841d02dc09fbdc118597196a0b32,3925771d02ce09fb3b118597196a0bb7,4,"2,5,8,15",2,1
round9,3808,128,-1,-1,3925841d02dc09fbdc118597196a0b32,3925ee1d027809fb8d118597196a0baf,4,"2,5,8,15",2,1
round9,3808,85,-1,-1,3925841d02dc09fbdc118597196a0b32,3925471d027509fb35118597196a0b4d,4,"2,5,8,15",2,1
round9,3808,42,-1,-1,3925841d02dc09fbdc118597196a0b32,3925ae1d02ab09fb96118597196a0bfa,4,"2,5,8,15",2,1
round9,3808,1,-1,-1,3925841d02dc09fbdc118597196a0b32,39255d1d029709fb69118597196a0b40,4,"2,5,8,15",2,1
round9,3810,255,-1,-1,3925841d02dc09fbdc118597196a0b32,4425841d02dc0940dc118b9719430b32,4,"0,7,10,13",0,1
round9,3810,85,-1,-1,3925841d02dc09fbdc118597196a0b32,1825841d02dc0992dc11569719870b32,4,"0,7,10,13",0,1
round9,3810,42,-1,-1,3925841d02dc09fbdc118597196a0b32,0325841d02dc09c3dc11349719270b32,4,"0,7,10,13",0,1
round9,3810,1,-1,-1,3925841d02dc09fbdc118597196a0b32,a325841d02dc0953dc118c9719ad0b32,4,"0,7,10,13",0,1
round9,3812,255,-1,-1,3925841d02dc09fbdc118597196a0b32,3931841de7dc09fbdc118541196a2332,4,"1,4,11,14",1,1
round9,3812,128,-1,-1,3925841d02dc09fbdc118597196a0b32,3901841dcadc09fbdc1185c9196ad932,4,"1,4,11,14",1,1
round9,3812,85,-1,-1,3925841d02dc09fbdc118597196a0b32,39e2841d08dc09fbdc118589196a1732,4,"1,4,11,14",1,1
round9,3812,42,-1,-1,3925841d02dc09fbdc118597196a0b32,39b4841d6edc09fbdc1185ef196a0032,4,"1,4,11,14",1,1
round9,3812,1,-1,-1,3925841d02dc09fbdc118597196a0b32,3987841d24dc09fbdc1185db196abe32,4,"1,4,11,14",1,1
round9,3814,255,-1,-1,3925841d02dc09fbdc118597196a0b32,3931841de7dc09fbdc118541196a2332,4,"1,4,11,14",1,1
round9,3814,128,-1,-1,3925841d02dc09fbdc118597196a0b32,3901841dcadc09fbdc1185c9196ad932,4,"1,4,11,14",1,1
round9,3814,85,-1,-1,3925841d02dc09fbdc118597196a0b32,39e2841d08dc09fbdc118589196a1732,4,"1,4,11,14",1,1
round9,3814,42,-1,-1,3925841d02dc09fbdc118597196a0b32,39b4841d6edc09fbdc1185ef196a0032,4,"1,4,11,14",1,1
round9,3814,1,-1,-1,3925841d02dc09fbdc118597196a0b32,3987841d24dc09fbdc1185db196abe32,4,"1,4,11,14",1,1
round9,3816,255,-1,-1,3925841d02dc09fbdc118597196a0b32,3925771d02ce09fb3b118597196a0bb7,4,"2,5,8,15",2,1
round9,3816,128,-1,-1,3925841d02dc09fbdc118597196a0b32,3925ee1d027809fb8d118597196a0baf,4,"2,5,8,15",2,1
round9,3816,85,-1,-1,3925841d02dc09fbdc118597196a0b32,3925471d027509fb35118597196a0b4d,4,"2,5,8,15",2,1
round9,3816,42,-1,-1,3925841d02dc09fbdc118597196a0b32,3925ae1d02ab09fb96118597196a0bfa,4,"2,5,8,15",2,1
round9,3816,1,-1,-1,3925841d02dc09fbdc118597196a0b32,39255d1d029709fb69118597196a0b40,4,"2,5,8,15",2,1
round9,3818,255,-1,-1,3925841d02dc09fbdc118597196a0b32,3925771d02ce09fb3b118597196a0bb7,4,"2,5,8,15",2,1
round9,3818,128,-1,-1,3925841d02dc09fbdc118597196a0b32,3925ee1d027809fb8d118597196a0baf,4,"2,5,8,15",2,1
round9,3818,85,-1,-1,3925841d02dc09fbdc118597196a0b32,3925471d027509fb35118597196a0b4d,4,"2,5,8,15",2,1
round9,3818,42,-1,-1,3925841d02dc09fbdc118597196a0b32,3925ae1d02ab09fb96118597196a0bfa,4,"2,5,8,15",2,1
round9,3818,1,-1,-1,3925841d02dc09fbdc118597196a0b32,39255d1d029709fb69118597196a0b40,4,"2,5,8,15",2,1
round9,3820,255,-1,-1,3925841d02dc09fbdc118597196a0b32,e425841d02dc0948dc11a49719110b32,4,"0,7,10,13",0,1
round9,3820,128,-1,-1,3925841d02dc09fbdc118597196a0b32,b325841d02dc096fdc11799719500b32,4,"0,7,10,13",0,1
round9,3820,85,-1,-1,3925841d02dc09fbdc118597196a0b32,1a25841d02dc0950dc11cc9719d20b32,4,"0,7,10,13",0,1
round9,3820,42,-1,-1,3925841d02dc09fbdc118597196a0b32,6825841d02dc0921dc11c69719050b32,4,"0,7,10,13",0,1
round9,3820,1,-1,-1,3925841d02dc09fbdc118597196a0b32,ca25841d02dc09c7dc115a9719690b32,4,"0,7,10,13",0,1
round9,3822,255,-1,-1,3925841d02dc09fbdc118597196a0b32,3925771d02ce09fb3b118597196a0bb7,4,"2,5,8,15",2,1
round9,3822,128,-1,-1,3925841d02dc09fbdc118597196a0b32,3925ee1d027809fb8d118597196a0baf,4,"2,5,8,15",2,1
round9,3822,85,-1,-1,3925841d02dc09fbdc118597196a0b32,3925471d027509fb35118597196a0b4d,4,"2,5,8,15",2,1
round9,3822,42,-1,-1,3925841d02dc09fbdc118597196a0b32,3925ae1d02ab09fb96118597196a0bfa,4,"2,5,8,15",2,1
round9,3822,1,-1,-1,3925841d02dc09fbdc118597196a0b32,39255d1d029709fb69118597196a0b40,4,"2,5,8,15",2,1
round9,3824,255,-1,-1,3925841d02dc09fbdc118597196a0b32,e425841d02dc0948dc11a49719110b32,4,"0,7,10,13",0,1
round9,3824,128,-1,-1,3925841d02dc09fbdc118597196a0b32,b325841d02dc096fdc11799719500b32,4,"0,7,10,13",0,1
round9,3824,85,-1,-1,3925841d02dc09fbdc118597196a0b32,1a25841d02dc0950dc11cc9719d20b32,4,"0,7,10,13",0,1
round9,3824,42,-1,-1,3925841d02dc09fbdc118597196a0b32,6825841d02dc0921dc11c69719050b32,4,"0,7,10,13",0,1
round9,3824,1,-1,-1,3925841d02dc09fbdc118597196a0b32,ca25841d02dc09c7dc115a9719690b32,4,"0,7,10,13",0,1
round9,3826,255,-1,-1,3925841d02dc09fbdc118597196a0b32,392584cf02dc67fbdc468597436a0b32,4,"3,6,9,12",3,1
round9,3826,85,-1,-1,3925841d02dc09fbdc118597196a0b32,3925845c02dc57fbdc578597a36a0b32,4,"3,6,9,12",3,1
round9,3826,42,-1,-1,3925841d02dc09fbdc118597196a0b32,3925843e02dc1cfbdc1885976f6a0b32,4,"3,6,9,12",3,1
round9,3826,1,-1,-1,3925841d02dc09fbdc118597196a0b32,392584bf02dcc2fbdc7c8597d36a0b32,4,"3,6,9,12",3,1
round9,3828,255,-1,-1,3925841d02dc09fbdc118597196a0b32,3925771d02ce09fb3b118597196a0bb7,4,"2,5,8,15",2,1
round9,3828,128,-1,-1,3925841d02dc09fbdc118597196a0b32,3925ee1d027809fb8d118597196a0baf,4,"2,5,8,15",2,1
round9,3828,85,-1,-1,3925841d02dc09fbdc118597196a0b32,3925471d027509fb35118597196a0b4d,4,"2,5,8,15",2,1
round9,3828,42,-1,-1,3925841d02dc09fbdc118597196a0b32,3925ae1d02ab09fb96118597196a0bfa,4,"2,5,8,15",2,1
round9,3828,1,-1,-1,3925841d02dc09fbdc118597196a0b32,39255d1d029709fb69118597196a0b40,4,"2,5,8,15",2,1
round9,3830,255,-1,-1,3925841d02dc09fbdc118597196a0b32,392584a202dc61fbdc078597526a0b32,4,"3,6,9,12",3,1
round9,3830,128,-1,-1,3925841d02dc09fbdc118597196a0b32,392584fa02dc0ffbdc268597076a0b32,4,"3,6,9,12",3,1
round9,3830,85,-1,-1,3925841d02dc09fbdc118597196a0b32,392584b102dc21fbdc6a8597206a0b32,4,"3,6,9,12",3,1
round9,3830,42,-1,-1,3925841d02dc09fbdc118597196a0b32,3925841f02dcf8fbdccb85971c6a0b32,4,"3,6,9,12",3,1
round9,3830,1,-1,-1,3925841d02dc09fbdc118597196a0b32,3925844802dc24fbdc128597256a0b32,4,"3,6,9,12",3,1
round9,3832,255,-1,-1,3925841d02dc09fbdc118597196a0b32,e425841d02dc0948dc11a49719110b32,4,"0,7,10,13",0,1
round9,3832,128,-1,-1,3925841d02dc09fbdc118597196a0b32,b325841d02dc096fdc11799719500b32,4,"0,7,10,13",0,1
round9,3832,85,-1,-1,3925841d02dc09fbdc118597196a0b32,1a25841d02dc0950dc11cc9719d20b32,4,"0,7,10,13",0,1
round9,3832,42,-1,-1,3925841d02dc09fbdc118597196a0b32,6825841d02dc0921dc11c69719050b32,4,"0,7,10,13",0,1
round9,3832,1,-1,-1,3925841d02dc09fbdc118597196a0b32,ca25841d02dc09c7dc115a9719690b32,4,"0,7,10,13",0,1
round9,3834,255,-1,-1,3925841d02dc09fbdc118597196a0b32,392584b902dcabfbdc8e8597af6a0b32,4,"3,6,9,12",3,1
round9,3834,128,-1,-1,3925841d02dc09fbdc118597196a0b32,392584fa02dc0ffbdc268597076a0b32,4,"3,6,9,12",3,1
round9,3834,85,-1,-1,3925841d02dc09fbdc118597196a0b32,3925844702dc1afbdccf85973c6a0b32,4,"3,6,9,12",3,1
round9,3834,42,-1,-1,3925841d02dc09fbdc118597196a0b32,3925841502dcbbfbdcbc8597586a0b32,4,"3,6,9,12",3,1
round9,3834,1,-1,-1,3925841d02dc09fbdc118597196a0b32,392584ff02dc0afbdcf98597766a0b32,4,"3,6,9,12",3,1
round9,3836,255,-1,-1,3925841d02dc09fbdc118597196a0b32,3925771d02ce09fb3b118597196a0bb7,4,"2,5,8,15",2,1
round9,3836,128,-1,-1,3925841d02dc09fbdc118597196a0b32,3925ee1d027809fb8d118597196a0baf,4,"2,5,8,15",2,1
round9,3836,85,-1,-1,3925841d02dc09fbdc118597196a0b32,3925471d027509fb35118597196a0b4d,4,"2,5,8,15",2,1
round9,3836,42,-1,-1,3925841d02dc09fbdc118597196a0b32,3925ae1d02ab09fb96118597196a0bfa,4,"2,5,8,15",2,1
round9,3836,1,-1,-1,3925841d02dc09fbdc118597196a0b32,39255d1d029709fb69118597196a0b40,4,"2,5,8,15",2,1
round9,3838,255,-1,-1,3925841d02dc09fbdc118597196a0b32,392584b902dcabfbdc8e8597af6a0b32,4,"3,6,9,12",3,1
round9,3838,128,-1,-1,3925841d02dc09fbdc118597196a0b32,392584fa02dc0ffbdc268597076a0b32,4,"3,6,9,12",3,1
round9,3838,85,-1,-1,3925841d02dc09fbdc118597196a0b32,3925844702dc1afbdccf85973c6a0b32,4,"3,6,9,12",3,1
round9,3838,42,-1,-1,3925841d02dc09fbdc118597196a0b32,3925841502dcbbfbdcbc8597586a0b32,4,"3,6,9,12",3,1
round9,3838,1,-1,-1,3925841d02dc09fbdc118597196a0b32,392584ff02dc0afbdcf98597766a0b32,4,"3,6,9,12",3,1
round9,3840,255,-1,-1,3925841d02dc09fbdc118597196a0b32,392584b902dcabfbdc8e8597af6a0b32,4,"3,6,9,12",3,1
round9,3840,128,-1,-1,3925841d02dc09fbdc118597196a0b32,392584fa02dc0ffbdc268597076a0b32,4,"3,6,9,12",3,1
round9,3840,85,-1,-1,3925841d02dc09fbdc118597196a0b32,3925844702dc1afbdccf85973c6a0b32,4,"3,6,9,12",3,1
round9,3840,42,-1,-1,3925841d02dc09fbdc118597196a0b32,3925841502dcbbfbdcbc8597586a0b32,4,"3,6,9,12",3,1
round9,3840,1,-1,-1,3925841d02dc09fbdc118597196a0b32,392584ff02dc0afbdcf98597766a0b32,4,"3,6,9,12",3,1
round9,3842,255,-1,-1,3925841d02dc09fbdc118597196a0b32,3925771d02ce09fb3b118597196a0bb7,4,"2,5,8,15",2,1
round9,3842,128,-1,-1,3925841d02dc09fbdc118597196a0b32,3925ee1d027809fb8d118597196a0baf,4,"2,5,8,15",2,1
round9,3842,85,-1,-1,3925841d02dc09fbdc118597196a0b32,3925471d027509fb35118597196a0b4d,4,"2,5,8,15",2,1
round9,3842,42,-1,-1,3925841d02dc09fbdc118597196a0b32,3925ae1d02ab09fb96118597196a0bfa,4,"2,5,8,15",2,1
round9,3842,1,-1,-1,3925841d02dc09fbdc118597196a0b32,39255d1d029709fb69118597196a0b40,4,"2,5,8,15",2,1
round9,3850,255,-1,-1,3925841d02dc09fbdc118597196a0b32,3925071d023509fb4d118597196a0be7,4,"2,5,8,15",2,1
round9,3850,128,-1,-1,3925841d02dc09fbdc118597196a0b32,3925e41d025909fb27118597196a0b43,4,"2,5,8,15",2,1
round9,3850,85,-1,-1,3925841d02dc09fbdc118597196a0b32,3925bc1d02b509fb8e118597196a0b78,4,"2,5,8,15",2,1
round9,3850,42,-1,-1,3925841d02dc09fbdc118597196a0b32,3925dd1d029e09fb65118597196a0ba6,4,"2,5,8,15",2,1
round9,3850,1,-1,-1,3925841d02dc09fbdc118597196a0b32,3925cb1d02f309fbbb118597196a0b5a,4,"2,5,8,15",2,1
round9,3852,255,-1,-1,3925841d02dc09fbdc118597196a0b32,3925840702dc4efbdc6085979c6a0b32,4,"3,6,9,12",3,1
round9,3852,128,-1,-1,3925841d02dc09fbdc118597196a0b32,3925841502dc8bfbdc4a8597f76a0b32,4,"3,6,9,12",3,1
round9,3852,85,-1,-1,3925841d02dc09fbdc118597196a0b32,3925844f02dc0ffbdcc58597526a0b32,4,"3,6,9,12",3,1
round9,3852,42,-1,-1,3925841d02dc09fbdc118597196a0b32,392584fb02dccefbdc458597226a0b32,4,"3,6,9,12",3,1
round9,3852,1,-1,-1,3925841d02dc09fbdc118597196a0b32,3925849402dc38fbdcf08597b16a0b32,4,"3,6,9,12",3,1
round9,3854,255,-1,-1,3925841d02dc09fbdc118597196a0b32,3925f51d02e509fb16118597196a0b3b,4,"2,5,8,15",2,1
round9,3854,85,-1,-1,3925841d02dc09fbdc118597196a0b32,3925dd1d029e09fb65118597196a0ba6,4,"2,5,8,15",2,1
round9,3854,42,-1,-1,3925841d02dc09fbdc118597196a0b32,39253e1d023709fbb4118597196a0b00,4,"2,5,8,15",2,1
round9,3854,1,-1,-1,3925841d02dc09fbdc118597196a0b32,3925b21d021c09fb40118597196a0ba1,4,"2,5,8,15",2,1
round9,3856,255,-1,-1,3925841d02dc09fbdc118597196a0b32,3911841d18dc09fbdc1185ac196a3832,4,"1,4,11,14",1,1
round9,3856,128,-1,-1,3925841d02dc09fbdc118597196a0b32,39de841d3ddc09fbdc11854d196ad532,4,"1,4,11,14",1,1
round9,3856,85,-1,-1,3925841d02dc09fbdc118597196a0b32,39b9841d7adc09fbdc118558196a9032,4,"1,4,11,14",1,1
round9,3856,42,-1,-1,3925841d02dc09fbdc118597196a0b32,3923841d11dc09fbdc118544196a7c32,4,"1,4,11,14",1,1
round9,3856,1,-1,-1,3925841d02dc09fbdc118597196a0b32,39e0841d4fdc09fbdc1185b4196aa932,4,"1,4,11,14",1,1
round9,3858,255,-1,-1,3925841d02dc09fbdc118597196a0b32,3925846002dcdefbdca785977d6a0b32,4,"3,6,9,12",3,1
round9,3858,85,-1,-1,3925841d02dc09fbdc118597196a0b32,3925848b02dcccfbdc3d8597b66a0b32,4,"3,6,9,12",3,1
round9,3858,42,-1,-1,3925841d02dc09fbdc118597196a0b32,392584d302dcf2fbdc5b8597216a0b32,4,"3,6,9,12",3,1
round9,3858,1,-1,-1,3925841d02dc09fbdc118597196a0b32,392584eb02dc10fbdc558597b36a0b32,4,"3,6,9,12",3,1
round9,3860,255,-1,-1,3925841d02dc09fbdc118597196a0b32,392584c302dc53fbdc268597ba6a0b32,4,"3,6,9,12",3,1
round9,3860,128,-1,-1,3925841d02dc09fbdc118597196a0b32,3925841502dc8bfbdc4a8597f76a0b32,4,"3,6,9,12",3,1
round9,3860,85,-1,-1,3925841d02dc09fbdc118597196a0b32,3925844902dc23fbdc0985973d6a0b32,4,"3,6,9,12",3,1
round9,3860,42,-1,-1,3925841d02dc09fbdc118597196a0b32,392584a702dcb4fbdce78597306a0b32,4,"3,6,9,12",3,1
round9,3860,1,-1,-1,3925841d02dc09fbdc118597196a0b32,3925842902dc5bfbdc148597d66a0b32,4,"3,6,9,12",3,1
round9,3862,255,-1,-1,3925841d02dc09fbdc118597196a0b32,3965841d2ddc09fbdc118547196ab132,4,"1,4,11,14",1,1
round9,3862,85,-1,-1,3925841d02dc09fbdc118597196a0b32,3913841df3dc09fbdc11851a196a0f32,4,"1,4,11,14",1,1
round9,3862,42,-1,-1,3925841d02dc09fbdc118597196a0b32,391d841db7dc09fbdc118593196a9b32,4,"1,4,11,14",1,1
round9,3862,1,-1,-1,3925841d02dc09fbdc118597196a0b32,3974841d0adc09fbdc1185e0196ac232,4,"1,4,11,14",1,1
round9,3864,255,-1,-1,3925841d02dc09fbdc118597196a0b32,3925231d026109fbe5118597196a0bbf,4,"2,5,8,15",2,1
round9,3864,128,-1,-1,3925841d02dc09fbdc118597196a0b32,3925e51d021409fbff118597196a0ba2,4,"2,5,8,15",2,1
round9,3864,85,-1,-1,3925841d02dc09fbdc118597196a0b32,39256c1d025a09fbe1118597196a0b6d,4,"2,5,8,15",2,1
round9,3864,42,-1,-1,3925841d02dc09fbdc118597196a0b32,3925771d02bd09fb92118597196a0b6f,4,"2,5,8,15",2,1
round9,3864,1,-1,-1,3925841d02dc09fbdc118597196a0b32,3925d21d026f09fbeb118597196a0bb0,4,"2,5,8,15",2,1
round9,3866,255,-1,-1,3925841d02dc09fbdc118597196a0b32,392584c302dc53fbdc268597ba6a0b32,4,"3,6,9,12",3,1
round9,3866,128,-1,-1,3925841d02dc09fbdc118597196a0b32,3925841502dc8bfbdc4a8597f76a0b32,4,"3,6,9,12",3,1
round9,3866,85,-1,-1,3925841d02dc09fbdc118597196a0b32,3925844902dc23fbdc0985973d6a0b32,4,"3,6,9,12",3,1
round9,3866,42,-1,-1,3925841d02dc09fbdc118597196a0b32,392584a702dcb4fbdce78597306a0b32,4,"3,6,9,12",3,1
round9,3866,1,-1,-1,3925841d02dc09fbdc118597196a0b32,3925842902dc5bfbdc148597d66a0b32,4,"3,6,9,12",3,1
round9,3868,255,-1,-1,3925841d02dc09fbdc118597196a0b32,39dc841db8dc09fbdc118569196ab932,4,"1,4,11,14",1,1
round9,3868,85,-1,-1,3925841d02dc09fbdc118597196a0b32,39e8841d98dc09fbdc11855d196a0e32,4,"1,4,11,14",1,1
round9,3868,42,-1,-1,3925841d02dc09fbdc118597196a0b32,3998841db4dc09fbdc118543196a9d32,4,"1,4,11,14",1,1
round9,3868,1,-1,-1,3925841d02dc09fbdc118597196a0b32,3979841d70dc09fbdc1185a7196ac032,4,"1,4,11,14",1,1
round9,3870,255,-1,-1,3925841d02dc09fbdc118597196a0b32,3925231d026109fbe5118597196a0bbf,4,"2,5,8,15",2,1
round9,3870,128,-1,-1,3925841d02dc09fbdc118597196a0b32,3925e51d021409fbff118597196a0ba2,4,"2,5,8,15",2,1
round9,3870,85,-1,-1,3925841d02dc09fbdc118597196a0b32,39256c1d025a09fbe1118597196a0b6d,4,"2,5,8,15",2,1
round9,3870,42,-1,-1,3925841d02dc09fbdc118597196a0b32,3925771d02bd09fb92118597196a0b6f,4,"2,5,8,15",2,1
round9,3870,1,-1,-1,3925841d02dc09fbdc118597196a0b32,3925d21d026f09fbeb118597196a0bb0,4,"2,5,8,15",2,1
round9,3872,255,-1,-1,3925841d02dc09fbdc118597196a0b32,3925231d026109fbe5118597196a0bbf,4,"2,5,8,15",2,1
round9,3872,128,-1,-1,3925841d02dc09fbdc118597196a0b32,3925e51d021409fbff118597196a0ba2,4,"2,5,8,15",2,1
round9,3872,85,-1,-1,3925841d02dc09fbdc118597196a0b32,39256c1d025a09fbe1118597196a0b6d,4,"2,5,8,15",2,1
round9,3872,42,-1,-1,3925841d02dc09fbdc118597196a0b32,3925771d02bd09fb92118597196a0b6f,4,"2,5,8,15",2,1
round9,3872,1,-1,-1,3925841d02dc09fbdc118597196a0b32,3925d21d026f09fbeb118597196a0bb0,4,"2,5,8,15",2,1
round9,3874,255,-1,-1,3925841d02dc09fbdc118597196a0b32,392584c302dc53fbdc268597ba6a0b32,4,"3,6,9,12",3,1
round9,3874,128,-1,-1,3925841d02dc09fbdc118597196a0b32,3925841502dc8bfbdc4a8597f76a0b32,4,"3,6,9,12",3,1
round9,3874,85,-1,-1,3925841d02dc09fbdc118597196a0b32,3925844902dc23fbdc0985973d6a0b32,4,"3,6,9,12",3,1
round9,3874,42,-1,-1,3925841d02dc09fbdc118597196a0b32,392584a702dcb4fbdce78597306a0b32,4,"3,6,9,12",3,1
round9,3874,1,-1,-1,3925841d02dc09fbdc118597196a0b32,3925842902dc5bfbdc148597d66a0b32,4,"3,6,9,12",3,1
round9,3876,255,-1,-1,3925841d02dc09fbdc118597196a0b32,392584c302dc53fbdc268597ba6a0b32,4,"3,6,9,12",3,1
round9,3876,128,-1,-1,3925841d02dc09fbdc118597196a0b32,3925841502dc8bfbdc4a8597f76a0b32,4,"3,6,9,12",3,1
round9,3876,85,-1,-1,3925841d02dc09fbdc118597196a0b32,3925844902dc23fbdc0985973d6a0b32,4,"3,6,9,12",3,1
round9,3876,42,-1,-1,3925841d02dc09fbdc118597196a0b32,392584a702dcb4fbdce78597306a0b32,4,"3,6,9,12",3,1
round9,3876,1,-1,-1,3925841d02dc09fbdc118597196a0b32,3925842902dc5bfbdc148597d66a0b32,4,"3,6,9,12",3,1
round9,3878,255,-1,-1,3925841d02dc09fbdc118597196a0b32,3929841d49dc09fbdc11855c196ab732,4,"1,4,11,14",1,1
round9,3878,128,-1,-1,3925841d02dc09fbdc118597196a0b32,39de841d3ddc09fbdc11854d196ad532,4,"1,4,11,14",1,1
round9,3878,85,-1,-1,3925841d02dc09fbdc118597196a0b32,3944841d4cdc09fbdc11853c196a1732,4,"1,4,11,14",1,1
round9,3878,42,-1,-1,3925841d02dc09fbdc118597196a0b32,399e841da6dc09fbdc118571196a4832,4,"1,4,11,14",1,1
round9,3878,1,-1,-1,3925841d02dc09fbdc118597196a0b32,39db841df1dc09fbdc1185aa196a3f32,4,"1,4,11,14",1,1
round9,3880,255,-1,-1,3925841d02dc09fbdc118597196a0b32,392584c302dc53fbdc268597ba6a0b32,4,"3,6,9,12",3,1
round9,3880,128,-1,-1,3925841d02dc09fbdc118597196a0b32,3925841502dc8bfbdc4a8597f76a0b32,4,"3,6,9,12",3,1
round9,3880,85,-1,-1,3925841d02dc09fbdc118597196a0b32,3925844902dc23fbdc0985973d6a0b32,4,"3,6,9,12",3,1
round9,3880,42,-1,-1,3925841d02dc09fbdc118597196a0b32,392584a702dcb4fbdce78597306a0b32,4,"3,6,9,12",3,1
round9,3880,1,-1,-1,3925841d02dc09fbdc118597196a0b32,3925842902dc5bfbdc148597d66a0b32,4,"3,6,9,12",3,1
round9,3882,255,-1,-1,3925841d02dc09fbdc118597196a0b32,3929841d49dc09fbdc11855c196ab732,4,"1,4,11,14",1,1
round9,3882,128,-1,-1,3925841d02dc09fbdc118597196a0b32,39de841d3ddc09fbdc11854d196ad532,4,"1,4,11,14",1,1
round9,3882,85,-1,-1,3925841d02dc09fbdc118597196a0b32,3944841d4cdc09fbdc11853c196a1732,4,"1,4,11,14",1,1
round9,3882,42,-1,-1,3925841d02dc09fbdc118597196a0b32,399e841da6dc09fbdc118571196a4832,4,"1,4,11,14",1,1
round9,3882,1,-1,-1,3925841d02dc09fbdc118597196a0b32,39db841df1dc09fbdc1185aa196a3f32,4,"1,4,11,14",1,1
round9,3884,255,-1,-1,3925841d02dc09fbdc118597196a0b32,1725841d02dc0941dc111b9719db0b32,4,"0,7,10,13",0,1
round9,3884,85,-1,-1,3925841d02dc09fbdc118597196a0b32,da25841d02dc0990dc11e99719530b32,4,"0,7,10,13",0,1
round9,3884,42,-1,-1,3925841d02dc09fbdc118597196a0b32,7325841d02dc094edc11ac9719340b32,4,"0,7,10,13",0,1
round9,3884,1,-1,-1,3925841d02dc09fbdc118597196a0b32,b025841d02dc0912dc11de9719810b32,4,"0,7,10,13",0,1
round9,3886,255,-1,-1,3925841d02dc09fbdc118597196a0b32,392584c302dc53fbdc268597ba6a0b32,4,"3,6,9,12",3,1
round9,3886,128,-1,-1,3925841d02dc09fbdc118597196a0b32,3925841502dc8bfbdc4a8597f76a0b32,4,"3,6,9,12",3,1
round9,3886,85,-1,-1,3925841d02dc09fbdc118597196a0b32,3925844902dc23fbdc0985973d6a0b32,4,"3,6,9,12",3,1
round9,3886,42,-1,-1,3925841d02dc09fbdc118597196a0b32,392584a702dcb4fbdce78597306a0b32,4,"3,6,9,12",3,1
round9,3886,1,-1,-1,3925841d02dc09fbdc118597196a0b32,3925842902dc5bfbdc148597d66a0b32,4,"3,6,9,12",3,1
round9,3888,255,-1,-1,3925841d02dc09fbdc118597196a0b32,f425841d02dc09d6dc11339719b40b32,4,"0,7,10,13",0,1
round9,3888,128,-1,-1,3925841d02dc09fbdc118597196a0b32,f625841d02dc09a3dc11c49719a70b32,4,"0,7,10,13",0,1
round9,3888,85,-1,-1,3925841d02dc09fbdc118597196a0b32,1125841d02dc09c9dc11ce97195b0b32,4,"0,7,10,13",0,1
round9,3888,42,-1,-1,3925841d02dc09fbdc118597196a0b32,9925841d02dc0944dc112a9719150b32,4,"0,7,10,13",0,1
round9,3888,1,-1,-1,3925841d02dc09fbdc118597196a0b32,9525841d02dc09f2dc115c97194d0b32,4,"0,7,10,13",0,1
round9,3890,255,-1,-1,3925841d02dc09fbdc118597196a0b32,3929841d49dc09fbdc11855c196ab732,4,"1,4,11,14",1,1
round9,3890,128,-1,-1,3925841d02dc09fbdc118597196a0b32,39de841d3ddc09fbdc11854d196ad532,4,"1,4,11,14",1,1
round9,3890,85,-1,-1,3925841d02dc09fbdc118597196a0b32,3944841d4cdc09fbdc11853c196a1732,4,"1,4,11,14",1,1
round9,3890,42,-1,-1,3925841d02dc09fbdc118597196a0b32,399e841da6dc09fbdc118571196a4832,4,"1,4,11,14",1,1
round9,3890,1,-1,-1,3925841d02dc09fbdc118597196a0b32,39db841df1dc09fbdc1185aa196a3f32,4,"1,4,11,14",1,1
round9,3892,255,-1,-1,3925841d02dc09fbdc118597196a0b32,6d25841d02dc0989dc114a9719500b32,4,"0,7,10,13",0,1
round9,3892,128,-1,-1,3925841d02dc09fbdc118597196a0b32,f625841d02dc09a3dc11c49719a70b32,4,"0,7,10,13",0,1
round9,3892,85,-1,-1,3925841d02dc09fbdc118597196a0b32,0825841d02dc092edc11069719270b32,4,"0,7,10,13",0,1
round9,3892,42,-1,-1,3925841d02dc09fbdc118597196a0b32,9f25841d02dc0947dc11ba9719710b32,4,"0,7,10,13",0,1
round9,3892,1,-1,-1,3925841d02dc09fbdc118597196a0b32,0125841d02dc092adc11c097194e0b32,4,"0,7,10,13",0,1
round9,3894,255,-1,-1,3925841d02dc09fbdc118597196a0b32,392584c302dc53fbdc268597ba6a0b32,4,"3,6,9,12",3,1
round9,3894,128,-1,-1,3925841d02dc09fbdc118597196a0b32,3925841502dc8bfbdc4a8597f76a0b32,4,"3,6,9,12",3,1
round9,3894,85,-1,-1,3925841d02dc09fbdc118597196a0b32,3925844902dc23fbdc0985973d6a0b32,4,"3,6,9,12",3,1
round9,3894,42,-1,-1,3925841d02dc09fbdc118597196a0b32,392584a702dcb4fbdce78597306a0b32,4,"3,6,9,12",3,1
round9,3894,1,-1,-1,3925841d02dc09fbdc118597196a0b32,3925842902dc5bfbdc148597d66a0b32,4,"3,6,9,12",3,1
round9,3896,255,-1,-1,3925841d02dc09fbdc118597196a0b32,6d25841d02dc0989dc114a9719500b32,4,"0,7,10,13",0,1
round9,3896,128,-1,-1,3925841d02dc09fbdc118597196a0b32,f625841d02dc09a3dc11c49719a70b32,4,"0,7,10,13",0,1
round9,3896,85,-1,-1,3925841d02dc09fbdc118597196a0b32,0825841d02dc092edc11069719270b32,4,"0,7,10,13",0,1
round9,3896,42,-1,-1,3925841d02dc09fbdc118597196a0b32,9f25841d02dc0947dc11ba9719710b32,4,"0,7,10,13",0,1
round9,3896,1,-1,-1,3925841d02dc09fbdc118597196a0b32,0125841d02dc092adc11c097194e0b32,4,"0,7,10,13",0,1
round9,3898,255,-1,-1,3925841d02dc09fbdc118597196a0b32,6d25841d02dc0989dc114a9719500b32,4,"0,7,10,13",0,1
round9,3898,128,-1,-1,3925841d02dc09fbdc118597196a0b32,f625841d02dc09a3dc11c49719a70b32,4,"0,7,10,13",0,1
round9,3898,85,-1,-1,3925841d02dc09fbdc118597196a0b32,0825841d02dc092edc11069719270b32,4,"0,7,10,13",0,1
round9,3898,42,-1,-1,3925841d02dc09fbdc118597196a0b32,9f25841d02dc0947dc11ba9719710b32,4,"0,7,10,13",0,1
round9,3898,1,-1,-1,3925841d02dc09fbdc118597196a0b32,0125841d02dc092adc11c097194e0b32,4,"0,7,10,13",0,1
round9,3900,255,-1,-1,3925841d02dc09fbdc118597196a0b32,392584c302dc53fbdc268597ba6a0b32,4,"3,6,9,12",3,1
round9,3900,128,-1,-1,3925841d02dc09fbdc118597196a0b32,3925841502dc8bfbdc4a8597f76a0b32,4,"3,6,9,12",3,1
round9,3900,85,-1,-1,3925841d02dc09fbdc118597196a0b32,3925844902dc23fbdc0985973d6a0b32,4,"3,6,9,12",3,1
round9,3900,42,-1,-1,3925841d02dc09fbdc118597196a0b32,392584a702dcb4fbdce78597306a0b32,4,"3,6,9,12",3,1
round9,3900,1,-1,-1,3925841d02dc09fbdc118597196a0b32,3925842902dc5bfbdc148597d66a0b32,4,"3,6,9,12",3,1
round9,3908,255,-1,-1,3925841d02dc09fbdc118597196a0b32,f925841d02dc090cdc117d9719680b32,4,"0,7,10,13",0,1
round9,3908,128,-1,-1,3925841d02dc09fbdc118597196a0b32,fd25841d02dc09f7dc11f99719c50b32,4,"0,7,10,13",0,1
round9,3908,85,-1,-1,3925841d02dc09fbdc118597196a0b32,f825841d02dc09abdc11f39719e90b32,4,"0,7,10,13",0,1
round9,3908,42,-1,-1,3925841d02dc09fbdc118597196a0b32,5125841d02dc0942dc118697199c0b32,4,"0,7,10,13",0,1
round9,3908,1,-1,-1,3925841d02dc09fbdc118597196a0b32,4a25841d02dc0918dc11d29719520b32,4,"0,7,10,13",0,1
round9,3912,255,-1,-1,3925841d02dc09fbdc118597196a0b32,3972841da5dc09fbdc11858e196aaa32,4,"1,4,11,14",1,1
round9,3912,128,-1,-1,3925841d02dc09fbdc118597196a0b32,39f8841d64dc09fbdc11858d196a2632,4,"1,4,11,14",1,1
round9,3912,85,-1,-1,3925841d02dc09fbdc118597196a0b32,39c3841d09dc09fbdc118530196aa332,4,"1,4,11,14",1,1
round9,3912,42,-1,-1,3925841d02dc09fbdc118597196a0b32,3941841dd5dc09fbdc11859f196a0332,4,"1,4,11,14",1,1
round9,3912,1,-1,-1,3925841d02dc09fbdc118597196a0b32,39bd841d98dc09fbdc1185d0196a3e32,4,"1,4,11,14",1,1
round9,3916,255,-1,-1,3925841d02dc09fbdc118597196a0b32,3972841da5dc09fbdc11858e196aaa32,4,"1,4,11,14",1,1
round9,3916,128,-1,-1,3925841d02dc09fbdc118597196a0b32,39f8841d64dc09fbdc11858d196a2632,4,"1,4,11,14",1,1
round9,3916,85,-1,-1,3925841d02dc09fbdc118597196a0b32,39c3841d09dc09fbdc118530196aa332,4,"1,4,11,14",1,1
round9,3916,42,-1,-1,3925841d02dc09fbdc118597196a0b32,3941841dd5dc09fbdc11859f196a0332,4,"1,4,11,14",1,1
round9,3916,1,-1,-1,3925841d02dc09fbdc118597196a0b32,39bd841d98dc09fbdc1185d0196a3e32,4,"1,4,11,14",1,1
round9,3918,255,-1,-1,3925841d02dc09fbdc118597196a0b32,3925771d02ce09fb3b118597196a0bb7,4,"2,5,8,15",2,1
round9,3918,128,-1,-1,3925841d02dc09fbdc118597196a0b32,3925ee1d027809fb8d118597196a0baf,4,"2,5,8,15",2,1
round9,3918,85,-1,-1,3925841d02dc09fbdc118597196a0b32,3925471d027509fb35118597196a0b4d,4,"2,5,8,15",2,1
round9,3918,42,-1,-1,3925841d02dc09fbdc118597196a0b32,3925ae1d02ab09fb96118597196a0bfa,4,"2,5,8,15",2,1
round9,3918,1,-1,-1,3925841d02dc09fbdc118597196a0b32,39255d1d029709fb69118597196a0b40,4,"2,5,8,15",2,1
round9,3922,255,-1,-1,3925841d02dc09fbdc118597196a0b32,392584c302dc53fbdc268597ba6a0b32,4,"3,6,9,12",3,1
round9,3922,128,-1,-1,3925841d02dc09fbdc118597196a0b32,3925841502dc8bfbdc4a8597f76a0b32,4,"3,6,9,12",3,1
round9,3922,85,-1,-1,3925841d02dc09fbdc118597196a0b32,3925844902dc23fbdc0985973d6a0b32,4,"3,6,9,12",3,1
round9,3922,42,-1,-1,3925841d02dc09fbdc118597196a0b32,392584a702dcb4fbdce78597306a0b32,4,"3,6,9,12",3,1
round9,3922,1,-1,-1,3925841d02dc09fbdc118597196a0b32,3925842902dc5bfbdc148597d66a0b32,4,"3,6,9,12",3,1
round9,3926,255,-1,-1,3925841d02dc09fbdc118597196a0b32,392584c302dc53fbdc268597ba6a0b32,4,"3,6,9,12",3,1
round9,3926,128,-1,-1,3925841d02dc09fbdc118597196a0b32,3925841502dc8bfbdc4a8597f76a0b32,4,"3,6,9,12",3,1
round9,3926,85,-1,-1,3925841d02dc09fbdc118597196a0b32,3925844902dc23fbdc0985973d6a0b32,4,"3,6,9,12",3,1
round9,3926,42,-1,-1,3925841d02dc09fbdc118597196a0b32,392584a702dcb4fbdce78597306a0b32,4,"3,6,9,12",3,1
round9,3926,1,-1,-1,3925841d02dc09fbdc118597196a0b32,3925842902dc5bfbdc148597d66a0b32,4,"3,6,9,12",3,1
round9,3932,255,-1,-1,3925841d02dc09fbdc118597196a0b32,f925841d02dc090cdc117d9719680b32,4,"0,7,10,13",0,1
round9,3932,128,-1,-1,3925841d02dc09fbdc118597196a0b32,fd25841d02dc09f7dc11f99719c50b32,4,"0,7,10,13",0,1
round9,3932,85,-1,-1,3925841d02dc09fbdc118597196a0b32,f825841d02dc09abdc11f39719e90b32,4,"0,7,10,13",0,1
round9,3932,42,-1,-1,3925841d02dc09fbdc118597196a0b32,5125841d02dc0942dc118697199c0b32,4,"0,7,10,13",0,1
round9,3932,1,-1,-1,3925841d02dc09fbdc118597196a0b32,4a25841d02dc0918dc11d29719520b32,4,"0,7,10,13",0,1
round9,3934,255,-1,-1,3925841d02dc09fbdc118597196a0b32,6b25841d02dc09eddc11919719a50b32,4,"0,7,10,13",0,1
round9,3934,128,-1,-1,3925841d02dc09fbdc118597196a0b32,6b25841d02dc09eddc11919719a50b32,4,"0,7,10,13",0,1
round9,3934,85,-1,-1,3925841d02dc09fbdc118597196a0b32,6b25841d02dc09eddc11919719a50b32,4,"0,7,10,13",0,1
round9,3934,42,-1,-1,3925841d02dc09fbdc118597196a0b32,a225841d02dc0915dc11679719ca0b32,4,"0,7,10,13",0,1
round9,3934,1,-1,-1,3925841d02dc09fbdc118597196a0b32,4a25841d02dc0918dc11d29719520b32,4,"0,7,10,13",0,1
round9,3936,255,-1,-1,3925841d02dc09fbdc118597196a0b32,3925849902dc8bfbdc888597446a0b32,4,"3,6,9,12",3,1
round9,3936,128,-1,-1,3925841d02dc09fbdc118597196a0b32,392584c602dc26fbdc7d8597e06a0b32,4,"3,6,9,12",3,1
round9,3936,85,-1,-1,3925841d02dc09fbdc118597196a0b32,3925844002dc4ffbdc578597206a0b32,4,"3,6,9,12",3,1
round9,3936,42,-1,-1,3925841d02dc09fbdc118597196a0b32,392584fd02dcdafbdc458597086a0b32,4,"3,6,9,12",3,1
round9,3936,1,-1,-1,3925841d02dc09fbdc118597196a0b32,3925847002dc5ffbdcc88597ca6a0b32,4,"3,6,9,12",3,1
round9,3938,255,-1,-1,3925841d02dc09fbdc118597196a0b32,392584ef02dc61fbdc6c85979f6a0b32,4,"3,6,9,12",3,1
round9,3938,128,-1,-1,3925841d02dc09fbdc118597196a0b32,392584c602dc26fbdc7d8597e06a0b32,4,"3,6,9,12",3,1
round9,3938,85,-1,-1,3925841d02dc09fbdc118597196a0b32,3925842a02dc29fbdc678597d86a0b32,4,"3,6,9,12",3,1
round9,3938,42,-1,-1,3925841d02dc09fbdc118597196a0b32,392584d802dc2cfbdcf98597126a0b32,4,"3,6,9,12",3,1
round9,3938,1,-1,-1,3925841d02dc09fbdc118597196a0b32,3925847002dc5ffbdcc88597ca6a0b32,4,"3,6,9,12",3,1
round9,3940,255,-1,-1,3925841d02dc09fbdc118597196a0b32,3925251d020109fbfe118597196a0bfa,4,"2,5,8,15",2,1
round9,3940,128,-1,-1,3925841d02dc09fbdc118597196a0b32,3925991d02c609fb41118597196a0b57,4,"2,5,8,15",2,1
round9,3940,85,-1,-1,3925841d02dc09fbdc118597196a0b32,39256e1d02fe09fb5b118597196a0b37,4,"2,5,8,15",2,1
round9,3940,42,-1,-1,3925841d02dc09fbdc118597196a0b32,3925911d027409fb78118597196a0b8c,4,"2,5,8,15",2,1
round9,3940,1,-1,-1,3925841d02dc09fbdc118597196a0b32,3925391d028c09fbbc118597196a0b5e,4,"2,5,8,15",2,1
round9,3942,255,-1,-1,3925841d02dc09fbdc118597196a0b32,3925c71d029909fb66118597196a0be2,4,"2,5,8,15",2,1
round9,3942,128,-1,-1,3925841d02dc09fbdc118597196a0b32,3925ee1d023c09fb99118597196a0b33,4,"2,5,8,15",2,1
round9,3942,85,-1,-1,3925841d02dc09fbdc118597196a0b32,3925071d020509fbe0118597196a0beb,4,"2,5,8,15",2,1
round9,3942,42,-1,-1,3925841d02dc09fbdc118597196a0b32,3925a41d02bf09fbfd118597196a0b64,4,"2,5,8,15",2,1
round9,3942,1,-1,-1,3925841d02dc09fbdc118597196a0b32,3925391d028c09fbbc118597196a0b5e,4,"2,5,8,15",2,1
round9,3944,255,-1,-1,3925841d02dc09fbdc118597196a0b32,395c841dc3dc09fbdc1185b7196ad432,4,"1,4,11,14",1,1
round9,3944,128,-1,-1,3925841d02dc09fbdc118597196a0b32,3919841d96dc09fbdc1185f7196a1732,4,"1,4,11,14",1,1
round9,3944,85,-1,-1,3925841d02dc09fbdc118597196a0b32,395d841dafdc09fbdc1185f5196a7632,4,"1,4,11,14",1,1
round9,3944,42,-1,-1,3925841d02dc09fbdc118597196a0b32,39f2841ddadc09fbdc11856d196a2332,4,"1,4,11,14",1,1
round9,3944,1,-1,-1,3925841d02dc09fbdc118597196a0b32,396f841d5bdc09fbdc1185d5196a8832,4,"1,4,11,14",1,1
round9,3946,255,-1,-1,3925841d02dc09fbdc118597196a0b32,392e841dcadc09fbdc1185df196aa532,4,"1,4,11,14",1,1
round9,3946,128,-1,-1,3925841d02dc09fbdc118597196a0b32,392e841dcadc09fbdc1185df196aa532,4,"1,4,11,14",1,1
round9,3946,85,-1,-1,3925841d02dc09fbdc118597196a0b32,392e841dcadc09fbdc1185df196aa532,4,"1,4,11,14",1,1
round9,3946,42,-1,-1,3925841d02dc09fbdc118597196a0b32,39e2841dfbdc09fbdc118560196afd32,4,"1,4,11,14",1,1
round9,3946,1,-1,-1,3925841d02dc09fbdc118597196a0b32,396f841d5bdc09fbdc1185d5196a8832,4,"1,4,11,14",1,1
round9,3948,255,-1,-1,3925841d02dc09fbdc118597196a0b32,3972841da5dc09fbdc11858e196aaa32,4,"1,4,11,14",1,1
round9,3948,128,-1,-1,3925841d02dc09fbdc118597196a0b32,39f8841d64dc09fbdc11858d196a2632,4,"1,4,11,14",1,1
round9,3948,85,-1,-1,3925841d02dc09fbdc118597196a0b32,39c3841d09dc09fbdc118530196aa332,4,"1,4,11,14",1,1
round9,3948,42,-1,-1,3925841d02dc09fbdc118597196a0b32,3941841dd5dc09fbdc11859f196a0332,4,"1,4,11,14",1,1
round9,3948,1,-1,-1,3925841d02dc09fbdc118597196a0b32,39bd841d98dc09fbdc1185d0196a3e32,4,"1,4,11,14",1,1
round9,3950,255,-1,-1,3925841d02dc09fbdc118597196a0b32,39d8841d7adc09fbdc118513196acb32,4,"1,4,11,14",1,1
round9,3950,128,-1,-1,3925841d02dc09fbdc118597196a0b32,39f8841d64dc09fbdc11858d196a2632,4,"1,4,11,14",1,1
round9,3950,85,-1,-1,3925841d02dc09fbdc118597196a0b32,3955841de1dc09fbdc118511196a2432,4,"1,4,11,14",1,1
round9,3950,42,-1,-1,3925841d02dc09fbdc118597196a0b32,3941841dd5dc09fbdc11859f196a0332,4,"1,4,11,14",1,1
round9,3950,1,-1,-1,3925841d02dc09fbdc118597196a0b32,39bd841d98dc09fbdc1185d0196a3e32,4,"1,4,11,14",1,1
round9,3952,255,-1,-1,3925841d02dc09fbdc118597196a0b32,8825841d02dc09d6dc11499719cb0b32,4,"0,7,10,13",0,1
round9,3952,128,-1,-1,3925841d02dc09fbdc118597196a0b32,1225841d02dc097fdc118c97197c0b32,4,"0,7,10,13",0,1
round9,3952,85,-1,-1,3925841d02dc09fbdc118597196a0b32,4c25841d02dc097ddc11bd97191e0b32,4,"0,7,10,13",0,1
round9,3952,42,-1,-1,3925841d02dc09fbdc118597196a0b32,2425841d02dc09e8dc111497196d0b32,4,"0,7,10,13",0,1
round9,3952,1,-1,-1,3925841d02dc09fbdc118597196a0b32,4225841d02dc09f6dc111b9719cf0b32,4,"0,7,10,13",0,1
round9,3954,255,-1,-1,3925841d02dc09fbdc118597196a0b32,b825841d02dc0998dc117a9719510b32,4,"0,7,10,13",0,1
round9,3954,128,-1,-1,3925841d02dc09fbdc118597196a0b32,6e25841d02dc092adc11529719680b32,4,"0,7,10,13",0,1
round9,3954,85,-1,-1,3925841d02dc09fbdc118597196a0b32,9425841d02dc09c2dc11bb9719750b32,4,"0,7,10,13",0,1
round9,3954,42,-1,-1,3925841d02dc09fbdc118597196a0b32,2425841d02dc09e8dc111497196d0b32,4,"0,7,10,13",0,1
round9,3954,1,-1,-1,3925841d02dc09fbdc118597196a0b32,4225841d02dc09f6dc111b9719cf0b32,4,"0,7,10,13",0,1
round9,3956,255,-1,-1,3925841d02dc09fbdc118597196a0b32,3925841602dc1efbdc3685976a6a0b32,4,"3,6,9,12",3,1
round9,3956,128,-1,-1,3925841d02dc09fbdc118597196a0b32,392584b802dc4efbdcda8597636a0b32,4,"3,6,9,12",3,1
round9,3956,85,-1,-1,3925841d02dc09fbdc118597196a0b32,3925843b02dc73fbdcd785975f6a0b32,4,"3,6,9,12",3,1
round9,3956,42,-1,-1,3925841d02dc09fbdc118597196a0b32,3925840e02dc75fbdc128597486a0b32,4,"3,6,9,12",3,1
round9,3956,1,-1,-1,3925841d02dc09fbdc118597196a0b32,3925848b02dccbfbdc7e8597b96a0b32,4,"3,6,9,12",3,1
round9,3958,255,-1,-1,3925841d02dc09fbdc118597196a0b32,392584a902dcfafbdcea85970c6a0b32,4,"3,6,9,12",3,1
round9,3958,128,-1,-1,3925841d02dc09fbdc118597196a0b32,392584b802dc4efbdcda8597636a0b32,4,"3,6,9,12",3,1
round9,3958,85,-1,-1,3925841d02dc09fbdc118597196a0b32,3925842a02dcbbfbdc618597d76a0b32,4,"3,6,9,12",3,1
round9,3958,42,-1,-1,3925841d02dc09fbdc118597196a0b32,3925846202dce4fbdc348597836a0b32,4,"3,6,9,12",3,1
round9,3958,1,-1,-1,3925841d02dc09fbdc118597196a0b32,3925848b02dccbfbdc7e8597b96a0b32,4,"3,6,9,12",3,1
round9,3960,255,-1,-1,3925841d02dc09fbdc118597196a0b32,3925b01d02a509fb6f118597196a0b81,4,"2,5,8,15",2,1
round9,3960,128,-1,-1,3925841d02dc09fbdc118597196a0b32,3925e51d022009fb55118597196a0b59,4,"2,5,8,15",2,1
round9,3960,85,-1,-1,3925841d02dc09fbdc118597196a0b32,3925f11d024809fb3e118597196a0bb3,4,"2,5,8,15",2,1
round9,3960,42,-1,-1,3925841d02dc09fbdc118597196a0b32,3925e11d028b09fb71118597196a0b67,4,"2,5,8,15",2,1
round9,3960,1,-1,-1,3925841d02dc09fbdc118597196a0b32,3925f41d02de09fb72118597196a0b42,4,"2,5,8,15",2,1
round9,3962,255,-1,-1,3925841d02dc09fbdc118597196a0b32,3925f61d027709fb87118597196a0bfd,4,"2,5,8,15",2,1
round9,3962,128,-1,-1,3925841d02dc09fbdc118597196a0b32,3925e51d022009fb55118597196a0b59,4,"2,5,8,15",2,1
round9,3962,85,-1,-1,3925841d02dc09fbdc118597196a0b32,39255d1d02ee09fb5d118597196a0b04,4,"2,5,8,15",2,1
round9,3962,42,-1,-1,3925841d02dc09fbdc118597196a0b32,3925e11d028b09fb71118597196a0b67,4,"2,5,8,15",2,1
round9,3962,1,-1,-1,3925841d02dc09fbdc118597196a0b32,3925f41d02de09fb72118597196a0b42,4,"2,5,8,15",2,1
round9,3964,255,-1,-1,3925841d02dc09fbdc118597196a0b32,3925771d02ce09fb3b118597196a0bb7,4,"2,5,8,15",2,1
round9,3964,128,-1,-1,3925841d02dc09fbdc118597196a0b32,3925ee1d027809fb8d118597196a0baf,4,"2,5,8,15",2,1
round9,3964,85,-1,-1,3925841d02dc09fbdc118597196a0b32,3925471d027509fb35118597196a0b4d,4,"2,5,8,15",2,1
round9,3964,42,-1,-1,3925841d02dc09fbdc118597196a0b32,3925ae1d02ab09fb96118597196a0bfa,4,"2,5,8,15",2,1
round9,3964,1,-1,-1,3925841d02dc09fbdc118597196a0b32,39255d1d029709fb69118597196a0b40,4,"2,5,8,15",2,1
round9,3966,255,-1,-1,3925841d02dc09fbdc118597196a0b32,39255c1d02fa09fbf7118597196a0b75,4,"2,5,8,15",2,1
round9,3966,128,-1,-1,3925841d02dc09fbdc118597196a0b32,3925751d02c209fb50118597196a0b93,4,"2,5,8,15",2,1
round9,3966,85,-1,-1,3925841d02dc09fbdc118597196a0b32,3925541d024209fbbf118597196a0b8b,4,"2,5,8,15",2,1
round9,3966,42,-1,-1,3925841d02dc09fbdc118597196a0b32,3925ae1d02ab09fb96118597196a0bfa,4,"2,5,8,15",2,1
round9,3966,1,-1,-1,3925841d02dc09fbdc118597196a0b32,39255d1d029709fb69118597196a0b40,4,"2,5,8,15",2,1
round9,3968,255,-1,-1,3925841d02dc09fbdc118597196a0b32,3931841de7dc09fbdc118541196a2332,4,"1,4,11,14",1,1
round9,3968,128,-1,-1,3925841d02dc09fbdc118597196a0b32,3901841dcadc09fbdc1185c9196ad932,4,"1,4,11,14",1,1
round9,3968,85,-1,-1,3925841d02dc09fbdc118597196a0b32,39e2841d08dc09fbdc118589196a1732,4,"1,4,11,14",1,1
round9,3968,42,-1,-1,3925841d02dc09fbdc118597196a0b32,39b4841d6edc09fbdc1185ef196a0032,4,"1,4,11,14",1,1
round9,3968,1,-1,-1,3925841d02dc09fbdc118597196a0b32,3987841d24dc09fbdc1185db196abe32,4,"1,4,11,14",1,1
round9,3970,255,-1,-1,3925841d02dc09fbdc118597196a0b32,39a8841dffdc09fbdc1185b1196a7132,4,"1,4,11,14",1,1
round9,3970,128,-1,-1,3925841d02dc09fbdc118597196a0b32,395a841d94dc09fbdc118520196a9e32,4,"1,4,11,14",1,1
round9,3970,85,-1,-1,3925841d02dc09fbdc118597196a0b32,39ef841dc1dc09fbdc1185dd196ad032,4,"1,4,11,14",1,1
round9,3970,42,-1,-1,3925841d02dc09fbdc118597196a0b32,39fa841dcedc09fbdc1185c8196a2432,4,"1,4,11,14",1,1
round9,3970,1,-1,-1,3925841d02dc09fbdc118597196a0b32,3987841d24dc09fbdc1185db196abe32,4,"1,4,11,14",1,1
round9,3972,255,-1,-1,3925841d02dc09fbdc118597196a0b32,e425841d02dc0948dc11a49719110b32,4,"0,7,10,13",0,1
round9,3972,128,-1,-1,3925841d02dc09fbdc118597196a0b32,b325841d02dc096fdc11799719500b32,4,"0,7,10,13",0,1
round9,3972,85,-1,-1,3925841d02dc09fbdc118597196a0b32,1a25841d02dc0950dc11cc9719d20b32,4,"0,7,10,13",0,1
round9,3972,42,-1,-1,3925841d02dc09fbdc118597196a0b32,6825841d02dc0921dc11c69719050b32,4,"0,7,10,13",0,1
round9,3972,1,-1,-1,3925841d02dc09fbdc118597196a0b32,ca25841d02dc09c7dc115a9719690b32,4,"0,7,10,13",0,1
round9,3974,255,-1,-1,3925841d02dc09fbdc118597196a0b32,bb25841d02dc0905dc119a97199a0b32,4,"0,7,10,13",0,1
round9,3974,128,-1,-1,3925841d02dc09fbdc118597196a0b32,b325841d02dc096fdc11799719500b32,4,"0,7,10,13",0,1
round9,3974,85,-1,-1,3925841d02dc09fbdc118597196a0b32,3125841d02dc09d0dc116597192f0b32,4,"0,7,10,13",0,1
round9,3974,42,-1,-1,3925841d02dc09fbdc118597196a0b32,7e25841d02dc093adc116697196b0b32,4,"0,7,10,13",0,1
round9,3974,1,-1,-1,3925841d02dc09fbdc118597196a0b32,ca25841d02dc09c7dc115a9719690b32,4,"0,7,10,13",0,1
round9,3976,255,-1,-1,3925841d02dc09fbdc118597196a0b32,392584b902dcabfbdc8e8597af6a0b32,4,"3,6,9,12",3,1
round9,3976,128,-1,-1,3925841d02dc09fbdc118597196a0b32,392584fa02dc0ffbdc268597076a0b32,4,"3,6,9,12",3,1
round9,3976,85,-1,-1,3925841d02dc09fbdc118597196a0b32,3925844702dc1afbdccf85973c6a0b32,4,"3,6,9,12",3,1
round9,3976,42,-1,-1,3925841d02dc09fbdc118597196a0b32,3925841502dcbbfbdcbc8597586a0b32,4,"3,6,9,12",3,1
round9,3976,1,-1,-1,3925841d02dc09fbdc118597196a0b32,392584ff02dc0afbdcf98597766a0b32,4,"3,6,9,12",3,1
round9,3978,255,-1,-1,3925841d02dc09fbdc118597196a0b32,3925844702dc1afbdccf85973c6a0b32,4,"3,6,9,12",3,1
round9,3978,128,-1,-1,3925841d02dc09fbdc118597196a0b32,392584fa02dc0ffbdc268597076a0b32,4,"3,6,9,12",3,1
round9,3978,85,-1,-1,3925841d02dc09fbdc118597196a0b32,392584c202dc78fbdc7b8597ee6a0b32,4,"3,6,9,12",3,1
round9,3978,42,-1,-1,3925841d02dc09fbdc118597196a0b32,3925841502dcbbfbdcbc8597586a0b32,4,"3,6,9,12",3,1
round9,3978,1,-1,-1,3925841d02dc09fbdc118597196a0b32,392584ff02dc0afbdcf98597766a0b32,4,"3,6,9,12",3,1
round9,3980,255,-1,-1,3925841d02dc09fbdc118597196a0b32,392584c302dc53fbdc268597ba6a0b32,4,"3,6,9,12",3,1
round9,3980,128,-1,-1,3925841d02dc09fbdc118597196a0b32,3925841502dc8bfbdc4a8597f76a0b32,4,"3,6,9,12",3,1
round9,3980,85,-1,-1,3925841d02dc09fbdc118597196a0b32,3925844902dc23fbdc0985973d6a0b32,4,"3,6,9,12",3,1
round9,3980,42,-1,-1,3925841d02dc09fbdc118597196a0b32,392584a702dcb4fbdce78597306a0b32,4,"3,6,9,12",3,1
round9,3980,1,-1,-1,3925841d02dc09fbdc118597196a0b32,3925842902dc5bfbdc148597d66a0b32,4,"3,6,9,12",3,1
round9,3982,255,-1,-1,3925841d02dc09fbdc118597196a0b32,3925842c02dc9ffbdcbc8597446a0b32,4,"3,6,9,12",3,1
round9,3982,128,-1,-1,3925841d02dc09fbdc118597196a0b32,3925841502dc8bfbdc4a8597f76a0b32,4,"3,6,9,12",3,1
round9,3982,85,-1,-1,3925841d02dc09fbdc118597196a0b32,3925841e02dc90fbdcd28597016a0b32,4,"3,6,9,12",3,1
round9,3982,42,-1,-1,3925841d02dc09fbdc118597196a0b32,392584a702dcb4fbdce78597306a0b32,4,"3,6,9,12",3,1
round9,3982,1,-1,-1,3925841d02dc09fbdc118597196a0b32,3925842902dc5bfbdc148597d66a0b32,4,"3,6,9,12",3,1
round9,3984,255,-1,-1,3925841d02dc09fbdc118597196a0b32,3925231d026109fbe5118597196a0bbf,4,"2,5,8,15",2,1
round9,3984,128,-1,-1,3925841d02dc09fbdc118597196a0b32,3925e51d021409fbff118597196a0ba2,4,"2,5,8,15",2,1
round9,3984,85,-1,-1,3925841d02dc09fbdc118597196a0b32,39256c1d025a09fbe1118597196a0b6d,4,"2,5,8,15",2,1
round9,3984,42,-1,-1,3925841d02dc09fbdc118597196a0b32,3925771d02bd09fb92118597196a0b6f,4,"2,5,8,15",2,1
round9,3984,1,-1,-1,3925841d02dc09fbdc118597196a0b32,3925d21d026f09fbeb118597196a0bb0,4,"2,5,8,15",2,1
round9,3986,255,-1,-1,3925841d02dc09fbdc118597196a0b32,3925cc1d02df09fb6a118597196a0b7e,4,"2,5,8,15",2,1
round9,3986,128,-1,-1,3925841d02dc09fbdc118597196a0b32,3925e51d021409fbff118597196a0ba2,4,"2,5,8,15",2,1
round9,3986,85,-1,-1,3925841d02dc09fbdc118597196a0b32,3925491d02ad09fbd3118597196a0b96,4,"2,5,8,15",2,1
round9,3986,42,-1,-1,3925841d02dc09fbdc118597196a0b32,3925251d021a09fb2b118597196a0b23,4,"2,5,8,15",2,1
round9,3986,1,-1,-1,3925841d02dc09fbdc118597196a0b32,3925d21d026f09fbeb118597196a0bb0,4,"2,5,8,15",2,1
round9,3988,255,-1,-1,3925841d02dc09fbdc118597196a0b32,3929841d49dc09fbdc11855c196ab732,4,"1,4,11,14",1,1
round9,3988,128,-1,-1,3925841d02dc09fbdc118597196a0b32,39de841d3ddc09fbdc11854d196ad532,4,"1,4,11,14",1,1
round9,3988,85,-1,-1,3925841d02dc09fbdc118597196a0b32,3944841d4cdc09fbdc11853c196a1732,4,"1,4,11,14",1,1
round9,3988,42,-1,-1,3925841d02dc09fbdc118597196a0b32,399e841da6dc09fbdc118571196a4832,4,"1,4,11,14",1,1
round9,3988,1,-1,-1,3925841d02dc09fbdc118597196a0b32,39db841df1dc09fbdc1185aa196a3f32,4,"1,4,11,14",1,1
round9,3990,255,-1,-1,3925841d02dc09fbdc118597196a0b32,39c0841db3dc09fbdc118518196ae532,4,"1,4,11,14",1,1
round9,3990,128,-1,-1,3925841d02dc09fbdc118597196a0b32,39de841d3ddc09fbdc11854d196ad532,4,"1,4,11,14",1,1
round9,3990,85,-1,-1,3925841d02dc09fbdc118597196a0b32,39fc841d40dc09fbdc1185dd196a9132,4,"1,4,11,14",1,1
round9,3990,42,-1,-1,3925841d02dc09fbdc118597196a0b32,391f841d73dc09fbdc11856c196a8e32,4,"1,4,11,14",1,1
round9,3990,1,-1,-1,3925841d02dc09fbdc118597196a0b32,39db841df1dc09fbdc1185aa196a3f32,4,"1,4,11,14",1,1
round9,3992,255,-1,-1,3925841d02dc09fbdc118597196a0b32,6d25841d02dc0989dc114a9719500b32,4,"0,7,10,13",0,1
round9,3992,128,-1,-1,3925841d02dc09fbdc118597196a0b32,f625841d02dc09a3dc11c49719a70b32,4,"0,7,10,13",0,1
round9,3992,85,-1,-1,3925841d02dc09fbdc118597196a0b32,0825841d02dc092edc11069719270b32,4,"0,7,10,13",0,1
round9,3992,42,-1,-1,3925841d02dc09fbdc118597196a0b32,9f25841d02dc0947dc11ba9719710b32,4,"0,7,10,13",0,1
round9,3992,1,-1,-1,3925841d02dc09fbdc118597196a0b32,0125841d02dc092adc11c097194e0b32,4,"0,7,10,13",0,1
round9,3994,255,-1,-1,3925841d02dc09fbdc118597196a0b32,3325841d02dc09b2dc11779719ed0b32,4,"0,7,10,13",0,1
round9,3994,128,-1,-1,3925841d02dc09fbdc118597196a0b32,3325841d02dc09b2dc11779719ed0b32,4,"0,7,10,13",0,1
round9,3994,85,-1,-1,3925841d02dc09fbdc118597196a0b32,2e25841d02dc0996dc11b697193f0b32,4,"0,7,10,13",0,1
round9,3994,42,-1,-1,3925841d02dc09fbdc118597196a0b32,9f25841d02dc0947dc11ba9719710b32,4,"0,7,10,13",0,1
round9,3994,1,-1,-1,3925841d02dc09fbdc118597196a0b32,0125841d02dc092adc11c097194e0b32,4,"0,7,10,13",0,1
round9,3996,255,-1,-1,3925841d02dc09fbdc118597196a0b32,3925843202dc4ffbdcd48597df6a0b32,4,"3,6,9,12",3,1
round9,3996,128,-1,-1,3925841d02dc09fbdc118597196a0b32,3925847502dc10fbdc258597a26a0b32,4,"3,6,9,12",3,1
round9,3996,85,-1,-1,3925841d02dc09fbdc118597196a0b32,3925841402dc5ffbdcaf8597996a0b32,4,"3,6,9,12",3,1
round9,3996,42,-1,-1,3925841d02dc09fbdc118597196a0b32,392584ec02dccefbdc218597716a0b32,4,"3,6,9,12",3,1
round9,3996,1,-1,-1,3925841d02dc09fbdc118597196a0b32,392584d802dca6fbdc1a8597146a0b32,4,"3,6,9,12",3,1
round9,3998,255,-1,-1,3925841d02dc09fbdc118597196a0b32,7125841d02dc0971dc11db9719650b32,4,"0,7,10,13",0,1
round9,3998,128,-1,-1,3925841d02dc09fbdc118597196a0b32,8125841d02dc0982dc114c97195a0b32,4,"0,7,10,13",0,1
round9,3998,85,-1,-1,3925841d02dc09fbdc118597196a0b32,2a25841d02dc093adc11509719e40b32,4,"0,7,10,13",0,1
round9,3998,42,-1,-1,3925841d02dc09fbdc118597196a0b32,fa25841d02dc0991dc116d9719990b32,4,"0,7,10,13",0,1
round9,3998,1,-1,-1,3925841d02dc09fbdc118597196a0b32,4b25841d02dc0949dc110197194f0b32,4,"0,7,10,13",0,1
round9,4000,255,-1,-1,3925841d02dc09fbdc118597196a0b32,3925371d02f509fb60118597196a0b0b,4,"2,5,8,15",2,1
round9,4000,128,-1,-1,3925841d02dc09fbdc118597196a0b32,3925251d021a09fb2b118597196a0b23,4,"2,5,8,15",2,1
round9,4000,85,-1,-1,3925841d02dc09fbdc118597196a0b32,3925a31d02c509fb73118597196a0b91,4,"2,5,8,15",2,1
round9,4000,42,-1,-1,3925841d02dc09fbdc118597196a0b32,3925eb1d020809fb07118597196a0b1b,4,"2,5,8,15",2,1
round9,4000,1,-1,-1,3925841d02dc09fbdc118597196a0b32,3925301d02e409fb25118597196a0b28,4,"2,5,8,15",2,1
round9,4002,255,-1,-1,3925841d02dc09fbdc118597196a0b32,2a25841d02dc0971dc11fc9719dd0b32,4,"0,7,10,13",0,1
round9,4002,128,-1,-1,3925841d02dc09fbdc118597196a0b32,af25841d02dc0982dc11129719da0b32,4,"0,7,10,13",0,1
round9,4002,85,-1,-1,3925841d02dc09fbdc118597196a0b32,7e25841d02dc093adc116697196b0b32,4,"0,7,10,13",0,1
round9,4002,42,-1,-1,3925841d02dc09fbdc118597196a0b32,a825841d02dc0991dc11289719d10b32,4,"0,7,10,13",0,1
round9,4002,1,-1,-1,3925841d02dc09fbdc118597196a0b32,5725841d02dc0949dc11809719790b32,4,"0,7,10,13",0,1
round9,4004,255,-1,-1,3925841d02dc09fbdc118597196a0b32,390c841deddc09fbdc1185e9196acd32,4,"1,4,11,14",1,1
round9,4004,128,-1,-1,3925841d02dc09fbdc118597196a0b32,39c1841dfcdc09fbdc11853a196a2a32,4,"1,4,11,14",1,1
round9,4004,85,-1,-1,3925841d02dc09fbdc118597196a0b32,392a841d37dc09fbdc1185f6196a4332,4,"1,4,11,14",1,1
round9,4004,42,-1,-1,3925841d02dc09fbdc118597196a0b32,3947841d46dc09fbdc11852c196a5c32,4,"1,4,11,14",1,1
round9,4004,1,-1,-1,3925841d02dc09fbdc118597196a0b32,39cc841da3dc09fbdc11855f196a8c32,4,"1,4,11,14",1,1
round9,4006,255,-1,-1,3925841d02dc09fbdc118597196a0b32,3925f81d02b609fb73118597196a0bd1,4,"2,5,8,15",2,1
round9,4006,128,-1,-1,3925841d02dc09fbdc118597196a0b32,39253d1d021309fbca118597196a0b16,4,"2,5,8,15",2,1
round9,4006,85,-1,-1,3925841d02dc09fbdc118597196a0b32,3925371d025109fbfc118597196a0b45,4,"2,5,8,15",2,1
round9,4006,42,-1,-1,3925841d02dc09fbdc118597196a0b32,3925c51d02d309fbd3118597196a0bcb,4,"2,5,8,15",2,1
round9,4006,1,-1,-1,3925841d02dc09fbdc118597196a0b32,3925331d020e09fb9f118597196a0b7f,4,"2,5,8,15",2,1
round9,4010,255,-1,-1,3925841d02dc09fbdc118597196a0b32,7125841d02dc0971dc11db9719650b32,4,"0,7,10,13",0,1
round9,4010,128,-1,-1,3925841d02dc09fbdc118597196a0b32,8125841d02dc0982dc114c97195a0b32,4,"0,7,10,13",0,1
round9,4010,85,-1,-1,3925841d02dc09fbdc118597196a0b32,2a25841d02dc093adc11509719e40b32,4,"0,7,10,13",0,1
round9,4010,42,-1,-1,3925841d02dc09fbdc118597196a0b32,fa25841d02dc0991dc116d9719990b32,4,"0,7,10,13",0,1
round9,4010,1,-1,-1,3925841d02dc09fbdc118597196a0b32,4b25841d02dc0949dc110197194f0b32,4,"0,7,10,13",0,1
round10,4020,255,-1,-1,3925841d02dc09fbdc118597196a0b32,3925841d02dc09fbdc112a97196a0b32,1,10,-1,1
round10,4020,128,-1,-1,3925841d02dc09fbdc118597196a0b32,3925841d02dc09fbdc114c97196a0b32,1,10,-1,1
round10,4020,85,-1,-1,3925841d02dc09fbdc118597196a0b32,3925841d02dc09fbdc119a97196a0b32,1,10,-1,1
round10,4020,42,-1,-1,3925841d02dc09fbdc118597196a0b32,3925841d02dc09fbdc11dc97196a0b32,1,10,-1,1
round10,4020,1,-1,-1,3925841d02dc09fbdc118597196a0b32,3925841d02dc09fbdc111297196a0b32,1,10,-1,1
round10,4024,255,-1,-1,3925841d02dc09fbdc118597196a0b32,1925841d02dc09fbdc118597196a0b32,1,0,-1,1
round10,4024,128,-1,-1,3925841d02dc09fbdc118597196a0b32,af25841d02dc09fbdc118597196a0b32,1,0,-1,1
round10,4024,85,-1,-1,3925841d02dc09fbdc118597196a0b32,bc25841d02dc09fbdc118597196a0b32,1,0,-1,1
round10,4024,42,-1,-1,3925841d02dc09fbdc118597196a0b32,7625841d02dc09fbdc118597196a0b32,1,0,-1,1
round10,4024,1,-1,-1,3925841d02dc09fbdc118597196a0b32,1e25841d02dc09fbdc118597196a0b32,1,0,-1,1
round10,4028,255,-1,-1,3925841d02dc09fbdc118597196a0b32,3925841d02dc09fbdc118597196b0b32,1,13,-1,1
round10,4028,128,-1,-1,3925841d02dc09fbdc118597196a0b32,3925841d02dc09fbdc11859719d90b32,1,13,-1,1
round10,4028,85,-1,-1,3925841d02dc09fbdc118597196a0b32,3925841d02dc09fbdc118597193a0b32,1,13,-1,1
round10,4028,42,-1,-1,3925841d02dc09fbdc118597196a0b32,3925841d02dc09fbdc11859719610b32,1,13,-1,1
round10,4028,1,-1,-1,3925841d02dc09fbdc118597196a0b32,3925841d02dc09fbdc11859719e00b32,1,13,-1,1
round10,4032,255,-1,-1,3925841d02dc09fbdc118597196a0b32,3925841d02dc09fbdc110997196a0b32,1,10,-1,1
round10,4032,85,-1,-1,3925841d02dc09fbdc118597196a0b32,3925841d02dc09fbdc11e897196a0b32,1,10,-1,1
round10,4032,42,-1,-1,3925841d02dc09fbdc118597196a0b32,3925841d02dc09fbdc11b297196a0b32,1,10,-1,1
round10,4032,1,-1,-1,3925841d02dc09fbdc118597196a0b32,3925841d02dc09fbdc11b797196a0b32,1,10,-1,1
round10,4036,255,-1,-1,3925841d02dc09fbdc118597196a0b32,3925841d02dc09fbdc118597196b0b32,1,13,-1,1
round10,4036,128,-1,-1,3925841d02dc09fbdc118597196a0b32,3925841d02dc09fbdc11859719d90b32,1,13,-1,1
round10,4036,85,-1,-1,3925841d02dc09fbdc118597196a0b32,3925841d02dc09fbdc118597193a0b32,1,13,-1,1
round10,4036,42,-1,-1,3925841d02dc09fbdc118597196a0b32,3925841d02dc09fbdc11859719610b32,1,13,-1,1
round10,4036,1,-1,-1,3925841d02dc09fbdc118597196a0b32,3925841d02dc09fbdc11859719e00b32,1,13,-1,1
round10,4040,255,-1,-1,3925841d02dc09fbdc118597196a0b32,2a25841d02dc09fbdc118597196a0b32,1,0,-1,1
round10,4040,128,-1,-1,3925841d02dc09fbdc118597196a0b32,af25841d02dc09fbdc118597196a0b32,1,0,-1,1
round10,4040,85,-1,-1,3925841d02dc09fbdc118597196a0b32,7e25841d02dc09fbdc118597196a0b32,1,0,-1,1
round10,4040,42,-1,-1,3925841d02dc09fbdc118597196a0b32,a825841d02dc09fbdc118597196a0b32,1,0,-1,1
round10,4040,1,-1,-1,3925841d02dc09fbdc118597196a0b32,5725841d02dc09fbdc118597196a0b32,1,0,-1,1
round10,4044,255,-1,-1,3925841d02dc09fbdc118597196a0b32,2a25841d02dc09fbdc118597196a0b32,1,0,-1,1
round10,4044,128,-1,-1,3925841d02dc09fbdc118597196a0b32,af25841d02dc09fbdc118597196a0b32,1,0,-1,1
round10,4044,85,-1,-1,3925841d02dc09fbdc118597196a0b32,7e25841d02dc09fbdc118597196a0b32,1,0,-1,1
round10,4044,42,-1,-1,3925841d02dc09fbdc118597196a0b32,a825841d02dc09fbdc118597196a0b32,1,0,-1,1
round10,4044,1,-1,-1,3925841d02dc09fbdc118597196a0b32,5725841d02dc09fbdc118597196a0b32,1,0,-1,1
round10,4048,255,-1,-1,3925841d02dc09fbdc118597196a0b32,3925841d02dc0911dc118597196a0b32,1,7,-1,1
round10,4048,85,-1,-1,3925841d02dc09fbdc118597196a0b32,3925841d02dc095fdc118597196a0b32,1,7,-1,1
round10,4048,42,-1,-1,3925841d02dc09fbdc118597196a0b32,3925841d02dc09c7dc118597196a0b32,1,7,-1,1
round10,4048,1,-1,-1,3925841d02dc09fbdc118597196a0b32,3925841d02dc092bdc118597196a0b32,1,7,-1,1
round10,4052,255,-1,-1,3925841d02dc09fbdc118597196a0b32,3925841d02dc0971dc118597196a0b32,1,7,-1,1
round10,4052,128,-1,-1,3925841d02dc09fbdc118597196a0b32,3925841d02dc0982dc118597196a0b32,1,7,-1,1
round10,4052,85,-1,-1,3925841d02dc09fbdc118597196a0b32,3925841d02dc093adc118597196a0b32,1,7,-1,1
round10,4052,42,-1,-1,3925841d02dc09fbdc118597196a0b32,3925841d02dc0991dc118597196a0b32,1,7,-1,1
round10,4052,1,-1,-1,3925841d02dc09fbdc118597196a0b32,3925841d02dc0949dc118597196a0b32,1,7,-1,1
round10,4056,255,-1,-1,3925841d02dc09fbdc118597196a0b32,3925841d02dc0971dc118597196a0b32,1,7,-1,1
round10,4056,128,-1,-1,3925841d02dc09fbdc118597196a0b32,3925841d02dc0982dc118597196a0b32,1,7,-1,1
round10,4056,85,-1,-1,3925841d02dc09fbdc118597196a0b32,3925841d02dc093adc118597196a0b32,1,7,-1,1
round10,4056,42,-1,-1,3925841d02dc09fbdc118597196a0b32,3925841d02dc0991dc118597196a0b32,1,7,-1,1
round10,4056,1,-1,-1,3925841d02dc09fbdc118597196a0b32,3925841d02dc0949dc118597196a0b32,1,7,-1,1
round10,4060,255,-1,-1,3925841d02dc09fbdc118597196a0b32,3925841d02dc0971dc118597196a0b32,1,7,-1,1
round10,4060,128,-1,-1,3925841d02dc09fbdc118597196a0b32,3925841d02dc0982dc118597196a0b32,1,7,-1,1
round10,4060,85,-1,-1,3925841d02dc09fbdc118597196a0b32,3925841d02dc093adc118597196a0b32,1,7,-1,1
round10,4060,42,-1,-1,3925841d02dc09fbdc118597196a0b32,3925841d02dc0991dc118597196a0b32,1,7,-1,1
round10,4060,1,-1,-1,3925841d02dc09fbdc118597196a0b32,3925841d02dc0949dc118597196a0b32,1,7,-1,1
round10,4064,255,-1,-1,3925841d02dc09fbdc118597196a0b32,2a25841d02dc09fbdc118597196a0b32,1,0,-1,1
round10,4064,128,-1,-1,3925841d02dc09fbdc118597196a0b32,af25841d02dc09fbdc118597196a0b32,1,0,-1,1
round10,4064,85,-1,-1,3925841d02dc09fbdc118597196a0b32,7e25841d02dc09fbdc118597196a0b32,1,0,-1,1
round10,4064,42,-1,-1,3925841d02dc09fbdc118597196a0b32,a825841d02dc09fbdc118597196a0b32,1,0,-1,1
round10,4064,1,-1,-1,3925841d02dc09fbdc118597196a0b32,5725841d02dc09fbdc118597196a0b32,1,0,-1,1
round10,4072,255,-1,-1,3925841d02dc09fbdc118597196a0b32,390b841d02dc09fbdc118597196a0b32,1,1,-1,1
round10,4072,128,-1,-1,3925841d02dc09fbdc118597196a0b32,3982841d02dc09fbdc118597196a0b32,1,1,-1,1
round10,4072,85,-1,-1,3925841d02dc09fbdc118597196a0b32,394b841d02dc09fbdc118597196a0b32,1,1,-1,1
round10,4072,42,-1,-1,3925841d02dc09fbdc118597196a0b32,39ce841d02dc09fbdc118597196a0b32,1,1,-1,1
round10,4072,1,-1,-1,3925841d02dc09fbdc118597196a0b32,3965841d02dc09fbdc118597196a0b32,1,1,-1,1
round10,4076,255,-1,-1,3925841d02dc09fbdc118597196a0b32,398c841d02dc09fbdc118597196a0b32,1,1,-1,1
round10,4076,85,-1,-1,3925841d02dc09fbdc118597196a0b32,39aa841d02dc09fbdc118597196a0b32,1,1,-1,1
round10,4076,42,-1,-1,3925841d02dc09fbdc118597196a0b32,395a841d02dc09fbdc118597196a0b32,1,1,-1,1
round10,4076,1,-1,-1,3925841d02dc09fbdc118597196a0b32,39f1841d02dc09fbdc118597196a0b32,1,1,-1,1
round10,4080,255,-1,-1,3925841d02dc09fbdc118597196a0b32,3925841d97dc09fbdc118597196a0b32,1,4,-1,1
round10,4080,85,-1,-1,3925841d02dc09fbdc118597196a0b32,3925841da2dc09fbdc118597196a0b32,1,4,-1,1
round10,4080,42,-1,-1,3925841d02dc09fbdc118597196a0b32,3925841d68dc09fbdc118597196a0b32,1,4,-1,1
round10,4080,1,-1,-1,3925841d02dc09fbdc118597196a0b32,3925841d35dc09fbdc118597196a0b32,1,4,-1,1
round10,4084,255,-1,-1,3925841d02dc09fbdc118597196a0b32,3925841d02dc09fbdc118597196a1032,1,14,-1,1
round10,4084,85,-1,-1,3925841d02dc09fbdc118597196a0b32,3925841d02dc09fbdc118597196a5c32,1,14,-1,1
round10,4084,42,-1,-1,3925841d02dc09fbdc118597196a0b32,3925841d02dc09fbdc118597196a6c32,1,14,-1,1
round10,4084,1,-1,-1,3925841d02dc09fbdc118597196a0b32,3925841d02dc09fbdc118597196ae732,1,14,-1,1
round10,4088,255,-1,-1,3925841d02dc09fbdc118597196a0b32,3925841deddc09fbdc118597196a0b32,1,4,-1,1
round10,4088,128,-1,-1,3925841d02dc09fbdc118597196a0b32,3925841dfcdc09fbdc118597196a0b32,1,4,-1,1
round10,4088,85,-1,-1,3925841d02dc09fbdc118597196a0b32,3925841d37dc09fbdc118597196a0b32,1,4,-1,1
round10,4088,42,-1,-1,3925841d02dc09fbdc118597196a0b32,3925841d46dc09fbdc118597196a0b32,1,4,-1,1
round10,4088,1,-1,-1,3925841d02dc09fbdc118597196a0b32,3925841da3dc09fbdc118597196a0b32,1,4,-1,1
round10,4092,255,-1,-1,3925841d02dc09fbdc118597196a0b32,392a841d02dc09fbdc118597196a0b32,1,1,-1,1
round10,4092,128,-1,-1,3925841d02dc09fbdc118597196a0b32,39f0841d02dc09fbdc118597196a0b32,1,1,-1,1
round10,4092,85,-1,-1,3925841d02dc09fbdc118597196a0b32,3935841d02dc09fbdc118597196a0b32,1,1,-1,1
round10,4092,42,-1,-1,3925841d02dc09fbdc118597196a0b32,39e6841d02dc09fbdc118597196a0b32,1,1,-1,1
round10,4092,1,-1,-1,3925841d02dc09fbdc118597196a0b32,3901841d02dc09fbdc118597196a0b32,1,1,-1,1
round10,4096,255,-1,-1,3925841d02dc09fbdc118597196a0b32,3925841deddc09fbdc118597196a0b32,1,4,-1,1
round10,4096,128,-1,-1,3925841d02dc09fbdc118597196a0b32,3925841dfcdc09fbdc118597196a0b32,1,4,-1,1
round10,4096,85,-1,-1,3925841d02dc09fbdc118597196a0b32,3925841d37dc09fbdc118597196a0b32,1,4,-1,1
round10,4096,42,-1,-1,3925841d02dc09fbdc118597196a0b32,3925841d46dc09fbdc118597196a0b32,1,4,-1,1
round10,4096,1,-1,-1,3925841d02dc09fbdc118597196a0b32,3925841da3dc09fbdc118597196a0b32,1,4,-1,1
round10,4100,255,-1,-1,3925841d02dc09fbdc118597196a0b32,3925841d02dc09fbdc118597196aca32,1,14,-1,1
round10,4100,128,-1,-1,3925841d02dc09fbdc118597196a0b32,3925841d02dc09fbdc118597196a6032,1,14,-1,1
round10,4100,85,-1,-1,3925841d02dc09fbdc118597196a0b32,3925841d02dc09fbdc118597196a3032,1,14,-1,1
round10,4100,42,-1,-1,3925841d02dc09fbdc118597196a0b32,3925841d02dc09fbdc118597196ac532,1,14,-1,1
round10,4100,1,-1,-1,3925841d02dc09fbdc118597196a0b32,3925841d02dc09fbdc118597196a1e32,1,14,-1,1
round10,4104,255,-1,-1,3925841d02dc09fbdc118597196a0b32,3925841d02dc09fbdc118597196aca32,1,14,-1,1
round10,4104,128,-1,-1,3925841d02dc09fbdc118597196a0b32,3925841d02dc09fbdc118597196a6032,1,14,-1,1
round10,4104,85,-1,-1,3925841d02dc09fbdc118597196a0b32,3925841d02dc09fbdc118597196a3032,1,14,-1,1
round10,4104,42,-1,-1,3925841d02dc09fbdc118597196a0b32,3925841d02dc09fbdc118597196ac532,1,14,-1,1
round10,4104,1,-1,-1,3925841d02dc09fbdc118597196a0b32,3925841d02dc09fbdc118597196a1e32,1,14,-1,1
round10,4108,255,-1,-1,3925841d02dc09fbdc118597196a0b32,3925841deddc09fbdc118597196a0b32,1,4,-1,1
round10,4108,128,-1,-1,3925841d02dc09fbdc118597196a0b32,3925841dfcdc09fbdc118597196a0b32,1,4,-1,1
round10,4108,85,-1,-1,3925841d02dc09fbdc118597196a0b32,3925841d37dc09fbdc118597196a0b32,1,4,-1,1
round10,4108,42,-1,-1,3925841d02dc09fbdc118597196a0b32,3925841d46dc09fbdc118597196a0b32,1,4,-1,1
round10,4108,1,-1,-1,3925841d02dc09fbdc118597196a0b32,3925841da3dc09fbdc118597196a0b32,1,4,-1,1
round10,4112,255,-1,-1,3925841d02dc09fbdc118597196a0b32,3925841d02dc09fbdc118597196aca32,1,14,-1,1
round10,4112,128,-1,-1,3925841d02dc09fbdc118597196a0b32,3925841d02dc09fbdc118597196a6032,1,14,-1,1
round10,4112,85,-1,-1,3925841d02dc09fbdc118597196a0b32,3925841d02dc09fbdc118597196a3032,1,14,-1,1
round10,4112,42,-1,-1,3925841d02dc09fbdc118597196a0b32,3925841d02dc09fbdc118597196ac532,1,14,-1,1
round10,4112,1,-1,-1,3925841d02dc09fbdc118597196a0b32,3925841d02dc09fbdc118597196a1e32,1,14,-1,1
round10,4116,255,-1,-1,3925841d02dc09fbdc118597196a0b32,3925841deddc09fbdc118597196a0b32,1,4,-1,1
round10,4116,128,-1,-1,3925841d02dc09fbdc118597196a0b32,3925841dfcdc09fbdc118597196a0b32,1,4,-1,1
round10,4116,85,-1,-1,3925841d02dc09fbdc118597196a0b32,3925841d37dc09fbdc118597196a0b32,1,4,-1,1
round10,4116,42,-1,-1,3925841d02dc09fbdc118597196a0b32,3925841d46dc09fbdc118597196a0b32,1,4,-1,1
round10,4116,1,-1,-1,3925841d02dc09fbdc118597196a0b32,3925841da3dc09fbdc118597196a0b32,1,4,-1,1
round10,4120,255,-1,-1,3925841d02dc09fbdc118597196a0b32,3925841d02dc09fbdc1185e9196a0b32,1,11,-1,1
round10,4120,128,-1,-1,3925841d02dc09fbdc118597196a0b32,3925841d02dc09fbdc11853a196a0b32,1,11,-1,1
round10,4120,85,-1,-1,3925841d02dc09fbdc118597196a0b32,3925841d02dc09fbdc1185f6196a0b32,1,11,-1,1
round10,4120,42,-1,-1,3925841d02dc09fbdc118597196a0b32,3925841d02dc09fbdc11852c196a0b32,1,11,-1,1
round10,4120,1,-1,-1,3925841d02dc09fbdc118597196a0b32,3925841d02dc09fbdc11855f196a0b32,1,11,-1,1
round10,4132,255,-1,-1,3925841d02dc09fbdc118597196a0b32,3925841d02dc09fb5f118597196a0b32,1,8,-1,1
round10,4132,128,-1,-1,3925841d02dc09fbdc118597196a0b32,3925841d02dc09fbca118597196a0b32,1,8,-1,1
round10,4132,85,-1,-1,3925841d02dc09fbdc118597196a0b32,3925841d02dc09fbc8118597196a0b32,1,8,-1,1
round10,4132,42,-1,-1,3925841d02dc09fbdc118597196a0b32,3925841d02dc09fb35118597196a0b32,1,8,-1,1
round10,4132,1,-1,-1,3925841d02dc09fbdc118597196a0b32,3925841d02dc09fb81118597196a0b32,1,8,-1,1
round10,4136,255,-1,-1,3925841d02dc09fbdc118597196a0b32,3925dc1d02dc09fbdc118597196a0b32,1,2,-1,1
round10,4136,128,-1,-1,3925841d02dc09fbdc118597196a0b32,3925251d02dc09fbdc118597196a0b32,1,2,-1,1
round10,4136,85,-1,-1,3925841d02dc09fbdc118597196a0b32,3925b11d02dc09fbdc118597196a0b32,1,2,-1,1
round10,4136,42,-1,-1,3925841d02dc09fbdc118597196a0b32,3925f51d02dc09fbdc118597196a0b32,1,2,-1,1
round10,4136,1,-1,-1,3925841d02dc09fbdc118597196a0b32,3925c91d02dc09fbdc118597196a0b32,1,2,-1,1
round10,4140,255,-1,-1,3925841d02dc09fbdc118597196a0b32,3925841d02dc09fba1118597196a0b32,1,8,-1,1
round10,4140,128,-1,-1,3925841d02dc09fbdc118597196a0b32,3925841d02dc09fbca118597196a0b32,1,8,-1,1
round10,4140,85,-1,-1,3925841d02dc09fbdc118597196a0b32,3925841d02dc09fb80118597196a0b32,1,8,-1,1
round10,4140,42,-1,-1,3925841d02dc09fbdc118597196a0b32,3925841d02dc09fbe7118597196a0b32,1,8,-1,1
round10,4140,1,-1,-1,3925841d02dc09fbdc118597196a0b32,3925841d02dc09fb85118597196a0b32,1,8,-1,1
round10,4144,255,-1,-1,3925841d02dc09fbdc118597196a0b32,3925841d02b609fbdc118597196a0b32,1,5,-1,1
round10,4144,128,-1,-1,3925841d02dc09fbdc118597196a0b32,3925841d021309fbdc118597196a0b32,1,5,-1,1
round10,4144,85,-1,-1,3925841d02dc09fbdc118597196a0b32,3925841d025109fbdc118597196a0b32,1,5,-1,1
round10,4144,42,-1,-1,3925841d02dc09fbdc118597196a0b32,3925841d02d309fbdc118597196a0b32,1,5,-1,1
round10,4144,1,-1,-1,3925841d02dc09fbdc118597196a0b32,3925841d020e09fbdc118597196a0b32,1,5,-1,1
round10,4148,255,-1,-1,3925841d02dc09fbdc118597196a0b32,3925f71d02dc09fbdc118597196a0b32,1,2,-1,1
round10,4148,85,-1,-1,3925841d02dc09fbdc118597196a0b32,39257d1d02dc09fbdc118597196a0b32,1,2,-1,1
round10,4148,42,-1,-1,3925841d02dc09fbdc118597196a0b32,3925131d02dc09fbdc118597196a0b32,1,2,-1,1
round10,4148,1,-1,-1,3925841d02dc09fbdc118597196a0b32,3925391d02dc09fbdc118597196a0b32,1,2,-1,1
round10,4152,255,-1,-1,3925841d02dc09fbdc118597196a0b32,3925841d02b609fbdc118597196a0b32,1,5,-1,1
round10,4152,128,-1,-1,3925841d02dc09fbdc118597196a0b32,3925841d021309fbdc118597196a0b32,1,5,-1,1
round10,4152,85,-1,-1,3925841d02dc09fbdc118597196a0b32,3925841d025109fbdc118597196a0b32,1,5,-1,1
round10,4152,42,-1,-1,3925841d02dc09fbdc118597196a0b32,3925841d02d309fbdc118597196a0b32,1,5,-1,1
round10,4152,1,-1,-1,3925841d02dc09fbdc118597196a0b32,3925841d020e09fbdc118597196a0b32,1,5,-1,1
round10,4156,255,-1,-1,3925841d02dc09fbdc118597196a0b32,3925841d02dc09fb73118597196a0b32,1,8,-1,1
round10,4156,128,-1,-1,3925841d02dc09fbdc118597196a0b32,3925841d02dc09fbca118597196a0b32,1,8,-1,1
round10,4156,85,-1,-1,3925841d02dc09fbdc118597196a0b32,3925841d02dc09fbfc118597196a0b32,1,8,-1,1
round10,4156,42,-1,-1,3925841d02dc09fbdc118597196a0b32,3925841d02dc09fbd3118597196a0b32,1,8,-1,1
round10,4156,1,-1,-1,3925841d02dc09fbdc118597196a0b32,3925841d02dc09fb9f118597196a0b32,1,8,-1,1
round10,4160,255,-1,-1,3925841d02dc09fbdc118597196a0b32,3925841d02dc09fb73118597196a0b32,1,8,-1,1
round10,4160,128,-1,-1,3925841d02dc09fbdc118597196a0b32,3925841d02dc09fbca118597196a0b32,1,8,-1,1
round10,4160,85,-1,-1,3925841d02dc09fbdc118597196a0b32,3925841d02dc09fbfc118597196a0b32,1,8,-1,1
round10,4160,42,-1,-1,3925841d02dc09fbdc118597196a0b32,3925841d02dc09fbd3118597196a0b32,1,8,-1,1
round10,4160,1,-1,-1,3925841d02dc09fbdc118597196a0b32,3925841d02dc09fb9f118597196a0b32,1,8,-1,1
round10,4164,255,-1,-1,3925841d02dc09fbdc118597196a0b32,3925841d02dc09fbdc118597196a0b80,1,15,-1,1
round10,4164,85,-1,-1,3925841d02dc09fbdc118597196a0b32,3925841d02dc09fbdc118597196a0b4c,1,15,-1,1
round10,4164,42,-1,-1,3925841d02dc09fbdc118597196a0b32,3925841d02dc09fbdc118597196a0b22,1,15,-1,1
round10,4164,1,-1,-1,3925841d02dc09fbdc118597196a0b32,3925841d02dc09fbdc118597196a0b4f,1,15,-1,1
round10,4168,255,-1,-1,3925841d02dc09fbdc118597196a0b32,3925841d02dc09fbdc118597196a0bd4,1,15,-1,1
round10,4168,128,-1,-1,3925841d02dc09fbdc118597196a0b32,3925841d02dc09fbdc118597196a0b23,1,15,-1,1
round10,4168,85,-1,-1,3925841d02dc09fbdc118597196a0b32,3925841d02dc09fbdc118597196a0b2b,1,15,-1,1
round10,4168,42,-1,-1,3925841d02dc09fbdc118597196a0b32,3925841d02dc09fbdc118597196a0b7b,1,15,-1,1
round10,4168,1,-1,-1,3925841d02dc09fbdc118597196a0b32,3925841d02dc09fbdc118597196a0b47,1,15,-1,1
round10,4172,255,-1,-1,3925841d02dc09fbdc118597196a0b32,3925841d02dc09fbdc118597196a0b0b,1,15,-1,1
round10,4172,128,-1,-1,3925841d02dc09fbdc118597196a0b32,3925841d02dc09fbdc118597196a0b23,1,15,-1,1
round10,4172,85,-1,-1,3925841d02dc09fbdc118597196a0b32,3925841d02dc09fbdc118597196a0b91,1,15,-1,1
round10,4172,42,-1,-1,3925841d02dc09fbdc118597196a0b32,3925841d02dc09fbdc118597196a0b1b,1,15,-1,1
round10,4172,1,-1,-1,3925841d02dc09fbdc118597196a0b32,3925841d02dc09fbdc118597196a0b28,1,15,-1,1
round10,4176,255,-1,-1,3925841d02dc09fbdc118597196a0b32,3925841d02dc09fbdc118597196a0b0b,1,15,-1,1
round10,4176,128,-1,-1,3925841d02dc09fbdc118597196a0b32,3925841d02dc09fbdc118597196a0b23,1,15,-1,1
round10,4176,85,-1,-1,3925841d02dc09fbdc118597196a0b32,3925841d02dc09fbdc118597196a0b91,1,15,-1,1
round10,4176,42,-1,-1,3925841d02dc09fbdc118597196a0b32,3925841d02dc09fbdc118597196a0b1b,1,15,-1,1
round10,4176,1,-1,-1,3925841d02dc09fbdc118597196a0b32,3925841d02dc09fbdc118597196a0b28,1,15,-1,1
round10,4180,255,-1,-1,3925841d02dc09fbdc118597196a0b32,3925841d02dc09fb73118597196a0b32,1,8,-1,1
round10,4180,128,-1,-1,3925841d02dc09fbdc118597196a0b32,3925841d02dc09fbca118597196a0b32,1,8,-1,1
round10,4180,85,-1,-1,3925841d02dc09fbdc118597196a0b32,3925841d02dc09fbfc118597196a0b32,1,8,-1,1
round10,4180,42,-1,-1,3925841d02dc09fbdc118597196a0b32,3925841d02dc09fbd3118597196a0b32,1,8,-1,1
round10,4180,1,-1,-1,3925841d02dc09fbdc118597196a0b32,3925841d02dc09fb9f118597196a0b32,1,8,-1,1
round10,4188,255,-1,-1,3925841d02dc09fbdc118597196a0b32,3925841d02dc09fbdcc88597196a0b32,1,9,-1,1
round10,4188,128,-1,-1,3925841d02dc09fbdc118597196a0b32,3925841d02dc09fbdc5e8597196a0b32,1,9,-1,1
round10,4188,85,-1,-1,3925841d02dc09fbdc118597196a0b32,3925841d02dc09fbdcc68597196a0b32,1,9,-1,1
round10,4188,42,-1,-1,3925841d02dc09fbdc118597196a0b32,3925841d02dc09fbdcb78597196a0b32,1,9,-1,1
round10,4188,1,-1,-1,3925841d02dc09fbdc118597196a0b32,3925841d02dc09fbdc478597196a0b32,1,9,-1,1
round10,4192,255,-1,-1,3925841d02dc09fbdc118597196a0b32,3925841d02dc09fbdc4a8597196a0b32,1,9,-1,1
round10,4192,85,-1,-1,3925841d02dc09fbdc118597196a0b32,3925841d02dc09fbdcb78597196a0b32,1,9,-1,1
round10,4192,42,-1,-1,3925841d02dc09fbdc118597196a0b32,3925841d02dc09fbdc408597196a0b32,1,9,-1,1
round10,4192,1,-1,-1,3925841d02dc09fbdc118597196a0b32,3925841d02dc09fbdcf98597196a0b32,1,9,-1,1
round10,4196,255,-1,-1,3925841d02dc09fbdc118597196a0b32,3925841d02dc09fbdc118597226a0b32,1,12,-1,1
round10,4196,85,-1,-1,3925841d02dc09fbdc118597196a0b32,3925841d02dc09fbdc118597326a0b32,1,12,-1,1
round10,4196,42,-1,-1,3925841d02dc09fbdc118597196a0b32,3925841d02dc09fbdc118597db6a0b32,1,12,-1,1
round10,4196,1,-1,-1,3925841d02dc09fbdc118597196a0b32,3925841d02dc09fbdc118597766a0b32,1,12,-1,1
round10,4200,255,-1,-1,3925841d02dc09fbdc118597196a0b32,3925841d02dc8bfbdc118597196a0b32,1,6,-1,1
round10,4200,85,-1,-1,3925841d02dc09fbdc118597196a0b32,3925841d02dc62fbdc118597196a0b32,1,6,-1,1
round10,4200,42,-1,-1,3925841d02dc09fbdc118597196a0b32,3925841d02dca2fbdc118597196a0b32,1,6,-1,1
round10,4200,1,-1,-1,3925841d02dc09fbdc118597196a0b32,3925841d02dc7ffbdc118597196a0b32,1,6,-1,1
round10,4204,255,-1,-1,3925841d02dc09fbdc118597196a0b32,3925841d02dc09fbdc118597df6a0b32,1,12,-1,1
round10,4204,128,-1,-1,3925841d02dc09fbdc118597196a0b32,3925841d02dc09fbdc118597a26a0b32,1,12,-1,1
round10,4204,85,-1,-1,3925841d02dc09fbdc118597196a0b32,3925841d02dc09fbdc118597996a0b32,1,12,-1,1
round10,4204,42,-1,-1,3925841d02dc09fbdc118597196a0b32,3925841d02dc09fbdc118597716a0b32,1,12,-1,1
round10,4204,1,-1,-1,3925841d02dc09fbdc118597196a0b32,3925841d02dc09fbdc118597146a0b32,1,12,-1,1
round10,4208,255,-1,-1,3925841d02dc09fbdc118597196a0b32,3925841d02dc09fbdcd48597196a0b32,1,9,-1,1
round10,4208,128,-1,-1,3925841d02dc09fbdc118597196a0b32,3925841d02dc09fbdc258597196a0b32,1,9,-1,1
round10,4208,85,-1,-1,3925841d02dc09fbdc118597196a0b32,3925841d02dc09fbdcaf8597196a0b32,1,9,-1,1
round10,4208,42,-1,-1,3925841d02dc09fbdc118597196a0b32,3925841d02dc09fbdc218597196a0b32,1,9,-1,1
round10,4208,1,-1,-1,3925841d02dc09fbdc118597196a0b32,3925841d02dc09fbdc1a8597196a0b32,1,9,-1,1
round10,4212,255,-1,-1,3925841d02dc09fbdc118597196a0b32,3925841d02dc09fbdc118597df6a0b32,1,12,-1,1
round10,4212,128,-1,-1,3925841d02dc09fbdc118597196a0b32,3925841d02dc09fbdc118597a26a0b32,1,12,-1,1
round10,4212,85,-1,-1,3925841d02dc09fbdc118597196a0b32,3925841d02dc09fbdc118597996a0b32,1,12,-1,1
round10,4212,42,-1,-1,3925841d02dc09fbdc118597196a0b32,3925841d02dc09fbdc118597716a0b32,1,12,-1,1
round10,4212,1,-1,-1,3925841d02dc09fbdc118597196a0b32,3925841d02dc09fbdc118597146a0b32,1,12,-1,1
round10,4216,255,-1,-1,3925841d02dc09fbdc118597196a0b32,3925841d02dc5ffbdc118597196a0b32,1,6,-1,1
round10,4216,128,-1,-1,3925841d02dc09fbdc118597196a0b32,3925841d02dc00fbdc118597196a0b32,1,6,-1,1
round10,4216,85,-1,-1,3925841d02dc09fbdc118597196a0b32,3925841d02dcd5fbdc118597196a0b32,1,6,-1,1
round10,4216,42,-1,-1,3925841d02dc09fbdc118597196a0b32,3925841d02dc60fbdc118597196a0b32,1,6,-1,1
round10,4216,1,-1,-1,3925841d02dc09fbdc118597196a0b32,3925841d02dc3ffbdc118597196a0b32,1,6,-1,1
round10,4220,255,-1,-1,3925841d02dc09fbdc118597196a0b32,3925841d02dc5ffbdc118597196a0b32,1,6,-1,1
round10,4220,128,-1,-1,3925841d02dc09fbdc118597196a0b32,3925841d02dc00fbdc118597196a0b32,1,6,-1,1
round10,4220,85,-1,-1,3925841d02dc09fbdc118597196a0b32,3925841d02dcd5fbdc118597196a0b32,1,6,-1,1
round10,4220,42,-1,-1,3925841d02dc09fbdc118597196a0b32,3925841d02dc60fbdc118597196a0b32,1,6,-1,1
round10,4220,1,-1,-1,3925841d02dc09fbdc118597196a0b32,3925841d02dc3ffbdc118597196a0b32,1,6,-1,1
round10,4224,255,-1,-1,3925841d02dc09fbdc118597196a0b32,3925841d02dc09fbdc118597df6a0b32,1,12,-1,1
round10,4224,128,-1,-1,3925841d02dc09fbdc118597196a0b32,3925841d02dc09fbdc118597a26a0b32,1,12,-1,1
round10,4224,85,-1,-1,3925841d02dc09fbdc118597196a0b32,3925841d02dc09fbdc118597996a0b32,1,12,-1,1
round10,4224,42,-1,-1,3925841d02dc09fbdc118597196a0b32,3925841d02dc09fbdc118597716a0b32,1,12,-1,1
round10,4224,1,-1,-1,3925841d02dc09fbdc118597196a0b32,3925841d02dc09fbdc118597146a0b32,1,12,-1,1
round10,4228,255,-1,-1,3925841d02dc09fbdc118597196a0b32,3925841d02dc5ffbdc118597196a0b32,1,6,-1,1
round10,4228,128,-1,-1,3925841d02dc09fbdc118597196a0b32,3925841d02dc00fbdc118597196a0b32,1,6,-1,1
round10,4228,85,-1,-1,3925841d02dc09fbdc118597196a0b32,3925841d02dcd5fbdc118597196a0b32,1,6,-1,1
round10,4228,42,-1,-1,3925841d02dc09fbdc118597196a0b32,3925841d02dc60fbdc118597196a0b32,1,6,-1,1
round10,4228,1,-1,-1,3925841d02dc09fbdc118597196a0b32,3925841d02dc3ffbdc118597196a0b32,1,6,-1,1
round10,4232,255,-1,-1,3925841d02dc09fbdc118597196a0b32,3925841d02dc09fbdc118597df6a0b32,1,12,-1,1
round10,4232,128,-1,-1,3925841d02dc09fbdc118597196a0b32,3925841d02dc09fbdc118597a26a0b32,1,12,-1,1
round10,4232,85,-1,-1,3925841d02dc09fbdc118597196a0b32,3925841d02dc09fbdc118597996a0b32,1,12,-1,1
round10,4232,42,-1,-1,3925841d02dc09fbdc118597196a0b32,3925841d02dc09fbdc118597716a0b32,1,12,-1,1
round10,4232,1,-1,-1,3925841d02dc09fbdc118597196a0b32,3925841d02dc09fbdc118597146a0b32,1,12,-1,1
round10,4236,255,-1,-1,3925841d02dc09fbdc118597196a0b32,3925847002dc09fbdc118597196a0b32,1,3,-1,1
round10,4236,128,-1,-1,3925841d02dc09fbdc118597196a0b32,392584a802dc09fbdc118597196a0b32,1,3,-1,1
round10,4236,85,-1,-1,3925841d02dc09fbdc118597196a0b32,392584bf02dc09fbdc118597196a0b32,1,3,-1,1
round10,4236,42,-1,-1,3925841d02dc09fbdc118597196a0b32,392584e902dc09fbdc118597196a0b32,1,3,-1,1
round10,4236,1,-1,-1,3925841d02dc09fbdc118597196a0b32,392584ce02dc09fbdc118597196a0b32,1,3,-1,1
round10,4256,255,-1,-1,3925841d02dc09fbdc118597196a0b32,3925841d02dc09fb73118597196a0b32,1,8,-1,1
round10,4256,128,-1,-1,3925841d02dc09fbdc118597196a0b32,3925841d02dc09fbca118597196a0b32,1,8,-1,1
round10,4256,85,-1,-1,3925841d02dc09fbdc118597196a0b32,3925841d02dc09fbfc118597196a0b32,1,8,-1,1
round10,4256,42,-1,-1,3925841d02dc09fbdc118597196a0b32,3925841d02dc09fbd3118597196a0b32,1,8,-1,1
round10,4256,1,-1,-1,3925841d02dc09fbdc118597196a0b32,3925841d02dc09fb9f118597196a0b32,1,8,-1,1
round10,4260,255,-1,-1,3925841d02dc09fbdc118597196a0b32,3925841d02dc09fbdc118597df6a0b32,1,12,-1,1
round10,4260,128,-1,-1,3925841d02dc09fbdc118597196a0b32,3925841d02dc09fbdc118597a26a0b32,1,12,-1,1
round10,4260,85,-1,-1,3925841d02dc09fbdc118597196a0b32,3925841d02dc09fbdc118597996a0b32,1,12,-1,1
round10,4260,42,-1,-1,3925841d02dc09fbdc118597196a0b32,3925841d02dc09fbdc118597716a0b32,1,12,-1,1
round10,4260,1,-1,-1,3925841d02dc09fbdc118597196a0b32,3925841d02dc09fbdc118597146a0b32,1,12,-1,1
round10,4264,255,-1,-1,3925841d02dc09fbdc118597196a0b32,3925841d02dc09fbdc118597df6a0b32,1,12,-1,1
round10,4264,128,-1,-1,3925841d02dc09fbdc118597196a0b32,3925841d02dc09fbdc118597a26a0b32,1,12,-1,1
round10,4264,85,-1,-1,3925841d02dc09fbdc118597196a0b32,3925841d02dc09fbdc118597996a0b32,1,12,-1,1
round10,4264,42,-1,-1,3925841d02dc09fbdc118597196a0b32,3925841d02dc09fbdc118597716a0b32,1,12,-1,1
round10,4264,1,-1,-1,3925841d02dc09fbdc118597196a0b32,3925841d02dc09fbdc118597146a0b32,1,12,-1,1
round10,4272,255,-1,-1,3925841d02dc09fbdc118597196a0b32,d025841d02dc09fbdc118597196a0b32,1,0,-1,1
round10,4272,128,-1,-1,3925841d02dc09fbdc118597196a0b32,d025841d02dc09fbdc118597196a0b32,1,0,-1,1
round10,4272,85,-1,-1,3925841d02dc09fbdc118597196a0b32,d025841d02dc09fbdc118597196a0b32,1,0,-1,1
round10,4272,42,-1,-1,3925841d02dc09fbdc118597196a0b32,ee25841d02dc09fbdc118597196a0b32,1,0,-1,1
round10,4272,1,-1,-1,3925841d02dc09fbdc118597196a0b32,5725841d02dc09fbdc118597196a0b32,1,0,-1,1
round10,4276,255,-1,-1,3925841d02dc09fbdc118597196a0b32,3925841d02dc09fbdc11859719af0b32,1,13,-1,1
round10,4276,128,-1,-1,3925841d02dc09fbdc118597196a0b32,3925841d02dc09fbdc11859719700b32,1,13,-1,1
round10,4276,85,-1,-1,3925841d02dc09fbdc118597196a0b32,3925841d02dc09fbdc118597193e0b32,1,13,-1,1
round10,4276,42,-1,-1,3925841d02dc09fbdc118597196a0b32,3925841d02dc09fbdc11859719dd0b32,1,13,-1,1
round10,4276,1,-1,-1,3925841d02dc09fbdc118597196a0b32,3925841d02dc09fbdc11859719e00b32,1,13,-1,1
round10,4280,255,-1,-1,3925841d02dc09fbdc118597196a0b32,3925841d02dc09fbdc110c97196a0b32,1,10,-1,1
round10,4280,128,-1,-1,3925841d02dc09fbdc118597196a0b32,3925841d02dc09fbdc110c97196a0b32,1,10,-1,1
round10,4280,85,-1,-1,3925841d02dc09fbdc118597196a0b32,3925841d02dc09fbdc110c97196a0b32,1,10,-1,1
round10,4280,42,-1,-1,3925841d02dc09fbdc118597196a0b32,3925841d02dc09fbdc11e497196a0b32,1,10,-1,1
round10,4280,1,-1,-1,3925841d02dc09fbdc118597196a0b32,3925841d02dc09fbdc110197196a0b32,1,10,-1,1
round10,4284,255,-1,-1,3925841d02dc09fbdc118597196a0b32,3925841d02dc09b2dc118597196a0b32,1,7,-1,1
round10,4284,128,-1,-1,3925841d02dc09fbdc118597196a0b32,3925841d02dc0982dc118597196a0b32,1,7,-1,1
round10,4284,85,-1,-1,3925841d02dc09fbdc118597196a0b32,3925841d02dc0989dc118597196a0b32,1,7,-1,1
round10,4284,42,-1,-1,3925841d02dc09fbdc118597196a0b32,3925841d02dc0988dc118597196a0b32,1,7,-1,1
round10,4284,1,-1,-1,3925841d02dc09fbdc118597196a0b32,3925841d02dc0949dc118597196a0b32,1,7,-1,1
round10,4288,255,-1,-1,3925841d02dc09fbdc118597196a0b32,3925841d62dc09fbdc118597196a0b32,1,4,-1,1
round10,4288,128,-1,-1,3925841d02dc09fbdc118597196a0b32,3925841dfedc09fbdc118597196a0b32,1,4,-1,1
round10,4288,85,-1,-1,3925841d02dc09fbdc118597196a0b32,3925841d80dc09fbdc118597196a0b32,1,4,-1,1
round10,4288,42,-1,-1,3925841d02dc09fbdc118597196a0b32,3925841dd3dc09fbdc118597196a0b32,1,4,-1,1
round10,4288,1,-1,-1,3925841d02dc09fbdc118597196a0b32,3925841da3dc09fbdc118597196a0b32,1,4,-1,1
round10,4292,255,-1,-1,3925841d02dc09fbdc118597196a0b32,3906841d02dc09fbdc118597196a0b32,1,1,-1,1
round10,4292,128,-1,-1,3925841d02dc09fbdc118597196a0b32,39f0841d02dc09fbdc118597196a0b32,1,1,-1,1
round10,4292,85,-1,-1,3925841d02dc09fbdc118597196a0b32,3902841d02dc09fbdc118597196a0b32,1,1,-1,1
round10,4292,42,-1,-1,3925841d02dc09fbdc118597196a0b32,39e6841d02dc09fbdc118597196a0b32,1,1,-1,1
round10,4292,1,-1,-1,3925841d02dc09fbdc118597196a0b32,3901841d02dc09fbdc118597196a0b32,1,1,-1,1
round10,4296,255,-1,-1,3925841d02dc09fbdc118597196a0b32,3925841d02dc09fbdc118597196a1932,1,14,-1,1
round10,4296,128,-1,-1,3925841d02dc09fbdc118597196a0b32,3925841d02dc09fbdc118597196a8f32,1,14,-1,1
round10,4296,85,-1,-1,3925841d02dc09fbdc118597196a0b32,3925841d02dc09fbdc118597196a9b32,1,14,-1,1
round10,4296,42,-1,-1,3925841d02dc09fbdc118597196a0b32,3925841d02dc09fbdc118597196aa632,1,14,-1,1
round10,4296,1,-1,-1,3925841d02dc09fbdc118597196a0b32,3925841d02dc09fbdc118597196a1e32,1,14,-1,1
round10,4300,255,-1,-1,3925841d02dc09fbdc118597196a0b32,3925841d02dc09fbdc1185de196a0b32,1,11,-1,1
round10,4300,128,-1,-1,3925841d02dc09fbdc118597196a0b32,3925841d02dc09fbdc11853a196a0b32,1,11,-1,1
round10,4300,85,-1,-1,3925841d02dc09fbdc118597196a0b32,3925841d02dc09fbdc1185da196a0b32,1,11,-1,1
round10,4300,42,-1,-1,3925841d02dc09fbdc118597196a0b32,3925841d02dc09fbdc11852c196a0b32,1,11,-1,1
round10,4300,1,-1,-1,3925841d02dc09fbdc118597196a0b32,3925841d02dc09fbdc11855f196a0b32,1,11,-1,1
round10,4304,255,-1,-1,3925841d02dc09fbdc118597196a0b32,3925841d02dc09fbe1118597196a0b32,1,8,-1,1
round10,4304,128,-1,-1,3925841d02dc09fbdc118597196a0b32,3925841d02dc09fbca118597196a0b32,1,8,-1,1
round10,4304,85,-1,-1,3925841d02dc09fbdc118597196a0b32,3925841d02dc09fbe4118597196a0b32,1,8,-1,1
round10,4304,42,-1,-1,3925841d02dc09fbdc118597196a0b32,3925841d02dc09fb29118597196a0b32,1,8,-1,1
round10,4304,1,-1,-1,3925841d02dc09fbdc118597196a0b32,3925841d02dc09fb9f118597196a0b32,1,8,-1,1
round10,4308,255,-1,-1,3925841d02dc09fbdc118597196a0b32,3925841d02ef09fbdc118597196a0b32,1,5,-1,1
round10,4308,128,-1,-1,3925841d02dc09fbdc118597196a0b32,3925841d021309fbdc118597196a0b32,1,5,-1,1
round10,4308,85,-1,-1,3925841d02dc09fbdc118597196a0b32,3925841d02be09fbdc118597196a0b32,1,5,-1,1
round10,4308,42,-1,-1,3925841d02dc09fbdc118597196a0b32,3925841d02cf09fbdc118597196a0b32,1,5,-1,1
round10,4308,1,-1,-1,3925841d02dc09fbdc118597196a0b32,3925841d020e09fbdc118597196a0b32,1,5,-1,1
round10,4312,255,-1,-1,3925841d02dc09fbdc118597196a0b32,3925d91d02dc09fbdc118597196a0b32,1,2,-1,1
round10,4312,128,-1,-1,3925841d02dc09fbdc118597196a0b32,3925251d02dc09fbdc118597196a0b32,1,2,-1,1
round10,4312,85,-1,-1,3925841d02dc09fbdc118597196a0b32,3925f81d02dc09fbdc118597196a0b32,1,2,-1,1
round10,4312,42,-1,-1,3925841d02dc09fbdc118597196a0b32,39255c1d02dc09fbdc118597196a0b32,1,2,-1,1
round10,4312,1,-1,-1,3925841d02dc09fbdc118597196a0b32,3925301d02dc09fbdc118597196a0b32,1,2,-1,1
round10,4316,255,-1,-1,3925841d02dc09fbdc118597196a0b32,3925841d02dc09fbdc118597196a0ba6,1,15,-1,1
round10,4316,128,-1,-1,3925841d02dc09fbdc118597196a0b32,3925841d02dc09fbdc118597196a0ba6,1,15,-1,1
round10,4316,85,-1,-1,3925841d02dc09fbdc118597196a0b32,3925841d02dc09fbdc118597196a0ba6,1,15,-1,1
round10,4316,42,-1,-1,3925841d02dc09fbdc118597196a0b32,3925841d02dc09fbdc118597196a0b1b,1,15,-1,1
round10,4316,1,-1,-1,3925841d02dc09fbdc118597196a0b32,3925841d02dc09fbdc118597196a0b28,1,15,-1,1
round10,4320,255,-1,-1,3925841d02dc09fbdc118597196a0b32,3925841d02dc09fbdc1185979f6a0b32,1,12,-1,1
round10,4320,128,-1,-1,3925841d02dc09fbdc118597196a0b32,3925841d02dc09fbdc118597a26a0b32,1,12,-1,1
round10,4320,85,-1,-1,3925841d02dc09fbdc118597196a0b32,3925841d02dc09fbdc118597646a0b32,1,12,-1,1
round10,4320,42,-1,-1,3925841d02dc09fbdc118597196a0b32,3925841d02dc09fbdc118597ca6a0b32,1,12,-1,1
round10,4320,1,-1,-1,3925841d02dc09fbdc118597196a0b32,3925841d02dc09fbdc118597146a0b32,1,12,-1,1
round10,4324,255,-1,-1,3925841d02dc09fbdc118597196a0b32,3925841d02dc09fbdc3f8597196a0b32,1,9,-1,1
round10,4324,128,-1,-1,3925841d02dc09fbdc118597196a0b32,3925841d02dc09fbdc3f8597196a0b32,1,9,-1,1
round10,4324,85,-1,-1,3925841d02dc09fbdc118597196a0b32,3925841d02dc09fbdc3f8597196a0b32,1,9,-1,1
round10,4324,42,-1,-1,3925841d02dc09fbdc118597196a0b32,3925841d02dc09fbdc0a8597196a0b32,1,9,-1,1
round10,4324,1,-1,-1,3925841d02dc09fbdc118597196a0b32,3925841d02dc09fbdc1a8597196a0b32,1,9,-1,1
round10,4328,255,-1,-1,3925841d02dc09fbdc118597196a0b32,3925841d02dc1afbdc118597196a0b32,1,6,-1,1
round10,4328,128,-1,-1,3925841d02dc09fbdc118597196a0b32,3925841d02dc25fbdc118597196a0b32,1,6,-1,1
round10,4328,85,-1,-1,3925841d02dc09fbdc118597196a0b32,3925841d02dc56fbdc118597196a0b32,1,6,-1,1
round10,4328,42,-1,-1,3925841d02dc09fbdc118597196a0b32,3925841d02dc4ffbdc118597196a0b32,1,6,-1,1
round10,4328,1,-1,-1,3925841d02dc09fbdc118597196a0b32,3925841d02dc3ffbdc118597196a0b32,1,6,-1,1
round10,4332,255,-1,-1,3925841d02dc09fbdc118597196a0b32,392584a802dc09fbdc118597196a0b32,1,3,-1,1
round10,4332,128,-1,-1,3925841d02dc09fbdc118597196a0b32,392584a802dc09fbdc118597196a0b32,1,3,-1,1
round10,4332,85,-1,-1,3925841d02dc09fbdc118597196a0b32,392584be02dc09fbdc118597196a0b32,1,3,-1,1
round10,4332,42,-1,-1,3925841d02dc09fbdc118597196a0b32,3925843302dc09fbdc118597196a0b32,1,3,-1,1
round10,4332,1,-1,-1,3925841d02dc09fbdc118597196a0b32,392584ce02dc09fbdc118597196a0b32,1,3,-1,1
round10,4336,255,-1,-1,3925841d02dc09fbdc118597196a0b32,3925841d02dc09fbdc11859719950b32,1,13,-1,1
round10,4336,128,-1,-1,3925841d02dc09fbdc118597196a0b32,3925841d02dc09fbdc11859719ea0b32,1,13,-1,1
round10,4336,85,-1,-1,3925841d02dc09fbdc118597196a0b32,3925841d02dc09fbdc118597193f0b32,1,13,-1,1
round10,4336,42,-1,-1,3925841d02dc09fbdc118597196a0b32,3925841d02dc09fbdc11859719400b32,1,13,-1,1
round10,4336,1,-1,-1,3925841d02dc09fbdc118597196a0b32,3925841d02dc09fbdc118597196b0b32,1,13,-1,1
round10,4340,255,-1,-1,3925841d02dc09fbdc118597196a0b32,3925841d02dc09fbdc117a97196a0b32,1,10,-1,1
round10,4340,128,-1,-1,3925841d02dc09fbdc118597196a0b32,3925841d02dc09fbdc110597196a0b32,1,10,-1,1
round10,4340,85,-1,-1,3925841d02dc09fbdc118597196a0b32,3925841d02dc09fbdc11d097196a0b32,1,10,-1,1
round10,4340,42,-1,-1,3925841d02dc09fbdc118597196a0b32,3925841d02dc09fbdc11af97196a0b32,1,10,-1,1
round10,4340,1,-1,-1,3925841d02dc09fbdc118597196a0b32,3925841d02dc09fbdc118497196a0b32,1,10,-1,1
round10,4344,255,-1,-1,3925841d02dc09fbdc118597196a0b32,3925841d02dc09fbdc118597196a0bcd,1,15,-1,1
round10,4344,128,-1,-1,3925841d02dc09fbdc118597196a0b32,3925841d02dc09fbdc118597196a0bb2,1,15,-1,1
round10,4344,85,-1,-1,3925841d02dc09fbdc118597196a0b32,3925841d02dc09fbdc118597196a0b67,1,15,-1,1
round10,4344,42,-1,-1,3925841d02dc09fbdc118597196a0b32,3925841d02dc09fbdc118597196a0b18,1,15,-1,1
round10,4344,1,-1,-1,3925841d02dc09fbdc118597196a0b32,3925841d02dc09fbdc118597196a0b33,1,15,-1,1
round10,4348,255,-1,-1,3925841d02dc09fbdc118597196a0b32,c625841d02dc09fbdc118597196a0b32,1,0,-1,1
round10,4348,128,-1,-1,3925841d02dc09fbdc118597196a0b32,b925841d02dc09fbdc118597196a0b32,1,0,-1,1
round10,4348,85,-1,-1,3925841d02dc09fbdc118597196a0b32,6c25841d02dc09fbdc118597196a0b32,1,0,-1,1
round10,4348,42,-1,-1,3925841d02dc09fbdc118597196a0b32,1325841d02dc09fbdc118597196a0b32,1,0,-1,1
round10,4348,1,-1,-1,3925841d02dc09fbdc118597196a0b32,3825841d02dc09fbdc118597196a0b32,1,0,-1,1
round10,4352,255,-1,-1,3925841d02dc09fbdc118597196a0b32,c625841d02dc09fbdc118597196a0b32,1,0,-1,1
round10,4352,128,-1,-1,3925841d02dc09fbdc118597196a0b32,b925841d02dc09fbdc118597196a0b32,1,0,-1,1
round10,4352,85,-1,-1,3925841d02dc09fbdc118597196a0b32,6c25841d02dc09fbdc118597196a0b32,1,0,-1,1
round10,4352,42,-1,-1,3925841d02dc09fbdc118597196a0b32,1325841d02dc09fbdc118597196a0b32,1,0,-1,1
round10,4352,1,-1,-1,3925841d02dc09fbdc118597196a0b32,3825841d02dc09fbdc118597196a0b32,1,0,-1,1
round10,4364,255,-1,-1,3925841d02dc09fbdc118597196a0b32,3925841d02dc09fbdc118597e66a0b32,1,12,-1,1
round10,4364,128,-1,-1,3925841d02dc09fbdc118597196a0b32,3925841d02dc09fbdc118597996a0b32,1,12,-1,1
round10,4364,85,-1,-1,3925841d02dc09fbdc118597196a0b32,3925841d02dc09fbdc1185974c6a0b32,1,12,-1,1
round10,4364,42,-1,-1,3925841d02dc09fbdc118597196a0b32,3925841d02dc09fbdc118597336a0b32,1,12,-1,1
round10,4364,1,-1,-1,3925841d02dc09fbdc118597196a0b32,3925841d02dc09fbdc118597186a0b32,1,12,-1,1
round10,4368,255,-1,-1,3925841d02dc09fbdc118597196a0b32,c625841d02dc09fbdc118597196a0b32,1,0,-1,1
round10,4368,128,-1,-1,3925841d02dc09fbdc118597196a0b32,b925841d02dc09fbdc118597196a0b32,1,0,-1,1
round10,4368,85,-1,-1,3925841d02dc09fbdc118597196a0b32,6c25841d02dc09fbdc118597196a0b32,1,0,-1,1
round10,4368,42,-1,-1,3925841d02dc09fbdc118597196a0b32,1325841d02dc09fbdc118597196a0b32,1,0,-1,1
round10,4368,1,-1,-1,3925841d02dc09fbdc118597196a0b32,3825841d02dc09fbdc118597196a0b32,1,0,-1,1
round10,4380,255,-1,-1,3925841d02dc09fbdc118597196a0b32,3925841dfddc09fbdc118597196a0b32,1,4,-1,1
round10,4380,128,-1,-1,3925841d02dc09fbdc118597196a0b32,3925841d82dc09fbdc118597196a0b32,1,4,-1,1
round10,4380,85,-1,-1,3925841d02dc09fbdc118597196a0b32,3925841d57dc09fbdc118597196a0b32,1,4,-1,1
round10,4380,42,-1,-1,3925841d02dc09fbdc118597196a0b32,3925841d28dc09fbdc118597196a0b32,1,4,-1,1
round10,4380,1,-1,-1,3925841d02dc09fbdc118597196a0b32,3925841d03dc09fbdc118597196a0b32,1,4,-1,1
round10,4392,255,-1,-1,3925841d02dc09fbdc118597196a0b32,3925841d02dc09fb23118597196a0b32,1,8,-1,1
round10,4392,128,-1,-1,3925841d02dc09fbdc118597196a0b32,3925841d02dc09fb5c118597196a0b32,1,8,-1,1
round10,4392,85,-1,-1,3925841d02dc09fbdc118597196a0b32,3925841d02dc09fb89118597196a0b32,1,8,-1,1
round10,4392,42,-1,-1,3925841d02dc09fbdc118597196a0b32,3925841d02dc09fbf6118597196a0b32,1,8,-1,1
round10,4392,1,-1,-1,3925841d02dc09fbdc118597196a0b32,3925841d02dc09fbdd118597196a0b32,1,8,-1,1
simt,3700,255,0,0,3925841d02dc09fbdc118597196a0b32,f925841d02dc090cdc117d9719680b32,4,"0,7,10,13",0,1
simt,3700,255,0,1,3925841d02dc09fbdc118597196a0b32,3925841d02dc09fbdc118597196a0b32,0,,-1,0
simt,3700,255,0,2,3925841d02dc09fbdc118597196a0b32,3925841d02dc09fbdc118597196a0b32,0,,-1,0
simt,3700,255,0,3,3925841d02dc09fbdc118597196a0b32,3925841d02dc09fbdc118597196a0b32,0,,-1,0
simt,3700,255,1,0,3925841d02dc09fbdc118597196a0b32,3925841d02dc09fbdc118597196a0b32,0,,-1,0
simt,3700,255,1,1,3925841d02dc09fbdc118597196a0b32,3925841d02dc09fbdc118597196a0b32,0,,-1,0
simt,3700,255,1,2,3925841d02dc09fbdc118597196a0b32,3925841d02dc09fbdc118597196a0b32,0,,-1,0
simt,3700,255,1,3,3925841d02dc09fbdc118597196a0b32,3925841d02dc09fbdc118597196a0b32,0,,-1,0
simt,3700,255,2,0,3925841d02dc09fbdc118597196a0b32,3925841d02dc09fbdc118597196a0b32,0,,-1,0
simt,3700,255,2,1,3925841d02dc09fbdc118597196a0b32,3925841d02dc09fbdc118597196a0b32,0,,-1,0
simt,3700,255,2,2,3925841d02dc09fbdc118597196a0b32,3925841d02dc09fbdc118597196a0b32,0,,-1,0
simt,3700,255,2,3,3925841d02dc09fbdc118597196a0b32,3925841d02dc09fbdc118597196a0b32,0,,-1,0
simt,3700,255,3,0,3925841d02dc09fbdc118597196a0b32,3925841d02dc09fbdc118597196a0b32,0,,-1,0
simt,3700,255,3,1,3925841d02dc09fbdc118597196a0b32,3925841d02dc09fbdc118597196a0b32,0,,-1,0
simt,3700,255,3,2,3925841d02dc09fbdc118597196a0b32,3925841d02dc09fbdc118597196a0b32,0,,-1,0
simt,3700,255,3,3,3925841d02dc09fbdc118597196a0b32,3925841d02dc09fbdc118597196a0b32,0,,-1,0
simt,3702,255,0,0,3925841d02dc09fbdc118597196a0b32,f925841d02dc090cdc117d9719680b32,4,"0,7,10,13",0,1
simt,3702,255,0,1,3925841d02dc09fbdc118597196a0b32,3925841d02dc09fbdc118597196a0b32,0,,-1,0
simt,3702,255,0,2,3925841d02dc09fbdc118597196a0b32,3925841d02dc09fbdc118597196a0b32,0,,-1,0
simt,3702,255,0,3,3925841d02dc09fbdc118597196a0b32,3925841d02dc09fbdc118597196a0b32,0,,-1,0
simt,3702,255,1,0,3925841d02dc09fbdc118597196a0b32,3925841d02dc09fbdc118597196a0b32,0,,-1,0
simt,3702,255,1,1,3925841d02dc09fbdc118597196a0b32,3925841d02dc09fbdc118597196a0b32,0,,-1,0
simt,3702,255,1,2,3925841d02dc09fbdc118597196a0b32,3925841d02dc09fbdc118597196a0b32,0,,-1,0
simt,3702,255,1,3,3925841d02dc09fbdc118597196a0b32,3925841d02dc09fbdc118597196a0b32,0,,-1,0
simt,3702,255,2,0,3925841d02dc09fbdc118597196a0b32,3925841d02dc09fbdc118597196a0b32,0,,-1,0
simt,3702,255,2,1,3925841d02dc09fbdc118597196a0b32,3925841d02dc09fbdc118597196a0b32,0,,-1,0
simt,3702,255,2,2,3925841d02dc09fbdc118597196a0b32,3925841d02dc09fbdc118597196a0b32,0,,-1,0
simt,3702,255,2,3,3925841d02dc09fbdc118597196a0b32,3925841d02dc09fbdc118597196a0b32,0,,-1,0
simt,3702,255,3,0,3925841d02dc09fbdc118597196a0b32,3925841d02dc09fbdc118597196a0b32,0,,-1,0
simt,3702,255,3,1,3925841d02dc09fbdc118597196a0b32,3925841d02dc09fbdc118597196a0b32,0,,-1,0
simt,3702,255,3,2,3925841d02dc09fbdc118597196a0b32,3925841d02dc09fbdc118597196a0b32,0,,-1,0
simt,3702,255,3,3,3925841d02dc09fbdc118597196a0b32,3925841d02dc09fbdc118597196a0b32,0,,-1,0
simt,3704,255,0,0,3925841d02dc09fbdc118597196a0b32,3925251d020109fbfe118597196a0bfa,4,"2,5,8,15",2,1
simt,3704,255,0,1,3925841d02dc09fbdc118597196a0b32,3925841d02dc09fbdc118597196a0b32,0,,-1,0
simt,3704,255,0,2,3925841d02dc09fbdc118597196a0b32,3925841d02dc09fbdc118597196a0b32,0,,-1,0
simt,3704,255,0,3,3925841d02dc09fbdc118597196a0b32,3925841d02dc09fbdc118597196a0b32,0,,-1,0
simt,3704,255,1,0,3925841d02dc09fbdc118597196a0b32,3925841d02dc09fbdc118597196a0b32,0,,-1,0
simt,3704,255,1,1,3925841d02dc09fbdc118597196a0b32,3925841d02dc09fbdc118597196a0b32,0,,-1,0
simt,3704,255,1,2,3925841d02dc09fbdc118597196a0b32,3925841d02dc09fbdc118597196a0b32,0,,-1,0
simt,3704,255,1,3,3925841d02dc09fbdc118597196a0b32,3925841d02dc09fbdc118597196a0b32,0,,-1,0
simt,3704,255,2,0,3925841d02dc09fbdc118597196a0b32,3925841d02dc09fbdc118597196a0b32,0,,-1,0
simt,3704,255,2,1,3925841d02dc09fbdc118597196a0b32,3925841d02dc09fbdc118597196a0b32,0,,-1,0
simt,3704,255,2,2,3925841d02dc09fbdc118597196a0b32,3925841d02dc09fbdc118597196a0b32,0,,-1,0
simt,3704,255,2,3,3925841d02dc09fbdc118597196a0b32,3925841d02dc09fbdc118597196a0b32,0,,-1,0
simt,3704,255,3,0,3925841d02dc09fbdc118597196a0b32,3925841d02dc09fbdc118597196a0b32,0,,-1,0
simt,3704,255,3,1,3925841d02dc09fbdc118597196a0b32,3925841d02dc09fbdc118597196a0b32,0,,-1,0
simt,3704,255,3,2,3925841d02dc09fbdc118597196a0b32,3925841d02dc09fbdc118597196a0b32,0,,-1,0
simt,3704,255,3,3,3925841d02dc09fbdc118597196a0b32,3925841d02dc09fbdc118597196a0b32,0,,-1,0
simt,3706,255,0,0,3925841d02dc09fbdc118597196a0b32,f925841d02dc090cdc117d9719680b32,4,"0,7,10,13",0,1
simt,3706,255,0,1,3925841d02dc09fbdc118597196a0b32,3925841d02dc09fbdc118597196a0b32,0,,-1,0
simt,3706,255,0,2,3925841d02dc09fbdc118597196a0b32,3925841d02dc09fbdc118597196a0b32,0,,-1,0
simt,3706,255,0,3,3925841d02dc09fbdc118597196a0b32,3925841d02dc09fbdc118597196a0b32,0,,-1,0
simt,3706,255,1,0,3925841d02dc09fbdc118597196a0b32,3925841d02dc09fbdc118597196a0b32,0,,-1,0
simt,3706,255,1,1,3925841d02dc09fbdc118597196a0b32,3925841d02dc09fbdc118597196a0b32,0,,-1,0
simt,3706,255,1,2,3925841d02dc09fbdc118597196a0b32,3925841d02dc09fbdc118597196a0b32,0,,-1,0
simt,3706,255,1,3,3925841d02dc09fbdc118597196a0b32,3925841d02dc09fbdc118597196a0b32,0,,-1,0
simt,3706,255,2,0,3925841d02dc09fbdc118597196a0b32,3925841d02dc09fbdc118597196a0b32,0,,-1,0
simt,3706,255,2,1,3925841d02dc09fbdc118597196a0b32,3925841d02dc09fbdc118597196a0b32,0,,-1,0
simt,3706,255,2,2,3925841d02dc09fbdc118597196a0b32,3925841d02dc09fbdc118597196a0b32,0,,-1,0
simt,3706,255,2,3,3925841d02dc09fbdc118597196a0b32,3925841d02dc09fbdc118597196a0b32,0,,-1,0
simt,3706,255,3,0,3925841d02dc09fbdc118597196a0b32,3925841d02dc09fbdc118597196a0b32,0,,-1,0
simt,3706,255,3,1,3925841d02dc09fbdc118597196a0b32,3925841d02dc09fbdc118597196a0b32,0,,-1,0
simt,3706,255,3,2,3925841d02dc09fbdc118597196a0b32,3925841d02dc09fbdc118597196a0b32,0,,-1,0
simt,3706,255,3,3,3925841d02dc09fbdc118597196a0b32,3925841d02dc09fbdc118597196a0b32,0,,-1,0
