trial,instr,mask,golden_tag,faulty_tag,diff_count,diff_positions
golden,-1,0,e355159f292911f794cb1432a0103a8a,e355159f292911f794cb1432a0103a8a,0,
i3500_m01,3500,1,e355159f292911f794cb1432a0103a8a,c7583093ea3910df85ecc1e6c4509b62,16,"0,1,2,3,4,5,6,7,8,9,10,11,12,13,14,15"
i3500_m02,3500,2,e355159f292911f794cb1432a0103a8a,e355159f292911f794cb1432a0103a8a,0,
i3500_m04,3500,4,e355159f292911f794cb1432a0103a8a,7f68a1fdf318b663485a126affc0792e,16,"0,1,2,3,4,5,6,7,8,9,10,11,12,13,14,15"
i3500_m08,3500,8,e355159f292911f794cb1432a0103a8a,e355159f292911f794cb1432a0103a8a,0,
i3500_m10,3500,16,e355159f292911f794cb1432a0103a8a,e355159f292911f794cb1432a0103a8a,0,
i3500_m20,3500,32,e355159f292911f794cb1432a0103a8a,e355159f292911f794cb1432a0103a8a,0,
i3500_m40,3500,64,e355159f292911f794cb1432a0103a8a,fb1cdb822c6b81864f9f15ea909c10ff,16,"0,1,2,3,4,5,6,7,8,9,10,11,12,13,14,15"
i3500_m80,3500,128,e355159f292911f794cb1432a0103a8a,857a26db23bdb7ad1619677ad580c345,16,"0,1,2,3,4,5,6,7,8,9,10,11,12,13,14,15"
i3504_m01,3504,1,e355159f292911f794cb1432a0103a8a,a25dd776de6643d7324eb639305133ca,16,"0,1,2,3,4,5,6,7,8,9,10,11,12,13,14,15"
i3504_m02,3504,2,e355159f292911f794cb1432a0103a8a,29c7940e272e84b798ea41b44054a909,16,"0,1,2,3,4,5,6,7,8,9,10,11,12,13,14,15"
i3504_m04,3504,4,e355159f292911f794cb1432a0103a8a,e7643ab87730d8d45e5d943ca1243f88,16,"0,1,2,3,4,5,6,7,8,9,10,11,12,13,14,15"
i3504_m08,3504,8,e355159f292911f794cb1432a0103a8a,7b334bd21353c8e521e6062a2348708e,16,"0,1,2,3,4,5,6,7,8,9,10,11,12,13,14,15"
i3504_m10,3504,16,e355159f292911f794cb1432a0103a8a,bf13b9957bcc2cdcfc9130932444af80,16,"0,1,2,3,4,5,6,7,8,9,10,11,12,13,14,15"
i3504_m20,3504,32,e355159f292911f794cb1432a0103a8a,82cc4483944550bf00ff1d50a9901298,16,"0,1,2,3,4,5,6,7,8,9,10,11,12,13,14,15"
i3504_m40,3504,64,e355159f292911f794cb1432a0103a8a,2067b5ae41d999e339a386bea3426aaf,16,"0,1,2,3,4,5,6,7,8,9,10,11,12,13,14,15"
i3504_m80,3504,128,e355159f292911f794cb1432a0103a8a,617045ddda908cf4d41a11fa80149ad8,16,"0,1,2,3,4,5,6,7,8,9,10,11,12,13,14,15"
i3508_m01,3508,1,e355159f292911f794cb1432a0103a8a,7cd043874c25431e82815f6a22f89840,16,"0,1,2,3,4,5,6,7,8,9,10,11,12,13,14,15"
i3508_m02,3508,2,e355159f292911f794cb1432a0103a8a,e819d22a4baa92b6d00510b3a0333b9e,15,"0,1,2,3,4,5,6,7,8,9,10,11,13,14,15"
i3508_m04,3508,4,e355159f292911f794cb1432a0103a8a,76ecdadd24367d4cece72110a19e41a0,16,"0,1,2,3,4,5,6,7,8,9,10,11,12,13,14,15"
i3508_m08,3508,8,e355159f292911f794cb1432a0103a8a,2f1723da93675e73741260fee71caed1,16,"0,1,2,3,4,5,6,7,8,9,10,11,12,13,14,15"
i3508_m10,3508,16,e355159f292911f794cb1432a0103a8a,f7f93497335f90fe30fb6d22a9397637,16,"0,1,2,3,4,5,6,7,8,9,10,11,12,13,14,15"
i3508_m20,3508,32,e355159f292911f794cb1432a0103a8a,4ab962ddc0236de955c26f03fe0460c2,16,"0,1,2,3,4,5,6,7,8,9,10,11,12,13,14,15"
i3508_m40,3508,64,e355159f292911f794cb1432a0103a8a,1289bb96d833bbd20750f273297cdef9,16,"0,1,2,3,4,5,6,7,8,9,10,11,12,13,14,15"
i3508_m80,3508,128,e355159f292911f794cb1432a0103a8a,32707dc78a8d951c8dceb463c3d37f0a,16,"0,1,2,3,4,5,6,7,8,9,10,11,12,13,14,15"
i3512_m01,3512,1,e355159f292911f794cb1432a0103a8a,c7583093ea3910df85ecc1e6c4509b62,16,"0,1,2,3,4,5,6,7,8,9,10,11,12,13,14,15"
i3512_m02,3512,2,e355159f292911f794cb1432a0103a8a,86477b2b462245e6d68f277aedaa5fda,16,"0,1,2,3,4,5,6,7,8,9,10,11,12,13,14,15"
i3512_m04,3512,4,e355159f292911f794cb1432a0103a8a,7f68a1fdf318b663485a126affc0792e,16,"0,1,2,3,4,5,6,7,8,9,10,11,12,13,14,15"
i3512_m08,3512,8,e355159f292911f794cb1432a0103a8a,7948eebcd96255b97787b811b8513fe6,16,"0,1,2,3,4,5,6,7,8,9,10,11,12,13,14,15"
i3512_m10,3512,16,e355159f292911f794cb1432a0103a8a,dd6bc07490f7bdb674628c5898c304b2,16,"0,1,2,3,4,5,6,7,8,9,10,11,12,13,14,15"
i3512_m20,3512,32,e355159f292911f794cb1432a0103a8a,d7aadbddfa102ccfb1708ba4d9246f6b,16,"0,1,2,3,4,5,6,7,8,9,10,11,12,13,14,15"
i3512_m40,3512,64,e355159f292911f794cb1432a0103a8a,fb1cdb822c6b81864f9f15ea909c10ff,16,"0,1,2,3,4,5,6,7,8,9,10,11,12,13,14,15"
i3512_m80,3512,128,e355159f292911f794cb1432a0103a8a,857a26db23bdb7ad1619677ad580c345,16,"0,1,2,3,4,5,6,7,8,9,10,11,12,13,14,15"
i3516_m01,3516,1,e355159f292911f794cb1432a0103a8a,04511ebaed6c31ffa46a14322018fb8a,13,"0,1,2,3,4,5,6,7,8,9,12,13,14"
i3516_m02,3516,2,e355159f292911f794cb1432a0103a8a,4b4647172de031e750d13482a0d2d26e,15,"0,1,2,3,4,5,6,7,8,9,10,11,13,14,15"
i3516_m04,3516,4,e355159f292911f794cb1432a0103a8a,fb63b58e6a29d1decc7b181ea9ac5e49,15,"0,1,2,3,4,6,7,8,9,10,11,12,13,14,15"
i3516_m08,3516,8,e355159f292911f794cb1432a0103a8a,b77d5cfd2800d293b08f9ebe21379b98,16,"0,1,2,3,4,5,6,7,8,9,10,11,12,13,14,15"
i3516_m10,3516,16,e355159f292911f794cb1432a0103a8a,5b0705ca0574b611d44b10b2067538ae,16,"0,1,2,3,4,5,6,7,8,9,10,11,12,13,14,15"
i3516_m20,3516,32,e355159f292911f794cb1432a0103a8a,32703d07f9b45ba794cf7462208139d8,15,"0,1,2,3,4,5,6,7,9,10,11,12,13,14,15"
i3516_m40,3516,64,e355159f292911f794cb1432a0103a8a,66575feeb83786c73f8f0214b24d6a9e,16,"0,1,2,3,4,5,6,7,8,9,10,11,12,13,14,15"
i3516_m80,3516,128,e355159f292911f794cb1432a0103a8a,e7c4019749f5a49e948b9078a0109f80,13,"0,1,2,3,4,5,6,7,9,10,11,14,15"
i3520_m01,3520,1,e355159f292911f794cb1432a0103a8a,e111958f2f2190fe96cb3472a0903a9b,13,"0,1,2,3,4,5,6,7,8,10,11,13,15"
i3520_m02,3520,2,e355159f292911f794cb1432a0103a8a,e355159f292911f794cb1432a0103a8a,0,
i3520_m04,3520,4,e355159f292911f794cb1432a0103a8a,e245119f212b15d3d5de1032b800bbae,14,"0,1,2,4,5,6,7,8,9,10,12,13,14,15"
i3520_m08,3520,8,e355159f292911f794cb1432a0103a8a,e355159f292911f794cb1432a0103a8a,0,
i3520_m10,3520,16,e355159f292911f794cb1432a0103a8a,e355159f292911f794cb1432a0103a8a,0,
i3520_m20,3520,32,e355159f292911f794cb1432a0103a8a,abc1169de83930d794cb163620103b89,13,"0,1,2,3,4,5,6,7,10,11,12,14,15"
i3520_m40,3520,64,e355159f292911f794cb1432a0103a8a,e355159f292911f794cb1432a0103a8a,0,
i3520_m80,3520,128,e355159f292911f794cb1432a0103a8a,e355159f292911f794cb1432a0103a8a,0,
i3524_m01,3524,1,e355159f292911f794cb1432a0103a8a,e111958f2f2190fe96cb3472a0903a9b,13,"0,1,2,3,4,5,6,7,8,10,11,13,15"
i3524_m02,3524,2,e355159f292911f794cb1432a0103a8a,e75c35ff253813e590491632a5187a08,15,"0,1,2,3,4,5,6,7,8,9,10,12,13,14,15"
i3524_m04,3524,4,e355159f292911f794cb1432a0103a8a,e245119f212b15d3d5de1032b800bbae,14,"0,1,2,4,5,6,7,8,9,10,12,13,14,15"
i3524_m08,3524,8,e355159f292911f794cb1432a0103a8a,f170155f996d19bf96c21e32b031380a,14,"0,1,3,4,5,6,7,8,9,10,12,13,14,15"
i3524_m10,3524,16,e355159f292911f794cb1432a0103a8a,c71d159f01230567909b0432c8423e1b,13,"0,1,4,5,6,7,8,9,10,12,13,14,15"
i3524_m20,3524,32,e355159f292911f794cb1432a0103a8a,abc1169de83930d794cb163620103b89,13,"0,1,2,3,4,5,6,7,10,11,12,14,15"
i3524_m40,3524,64,e355159f292911f794cb1432a0103a8a,727d179ba90953b714cb143280103aca,11,"0,1,2,3,4,5,6,7,8,12,15"
i3524_m80,3524,128,e355159f292911f794cb1432a0103a8a,c15505be6979b576b6cb9430a0801e83,13,"0,2,3,4,5,6,7,8,10,11,13,14,15"
i3528_m01,3528,1,e355159f292911f794cb1432a0103a8a,46ff574fcc69d256968b3f3222159858,15,"0,1,2,3,4,5,6,7,8,9,10,12,13,14,15"
i3528_m02,3528,2,e355159f292911f794cb1432a0103a8a,0d4293fb2e2bd2a4b00916b3e5097a8d,16,"0,1,2,3,4,5,6,7,8,9,10,11,12,13,14,15"
i3528_m04,3528,4,e355159f292911f794cb1432a0103a8a,bf5a19df35381a7c9dcb313028169080,15,"0,1,2,3,4,5,6,7,8,10,11,12,13,14,15"
i3528_m08,3528,8,e355159f292911f794cb1432a0103a8a,cc2e8d5f912b04ba16c25c36943d2852,16,"0,1,2,3,4,5,6,7,8,9,10,11,12,13,14,15"
i3528_m10,3528,16,e355159f292911f794cb1432a0103a8a,91a03d9c15e7ad7db0db282ae81a363f,16,"0,1,2,3,4,5,6,7,8,9,10,11,12,13,14,15"
i3528_m20,3528,32,e355159f292911f794cb1432a0103a8a,471f59cd08b044cf94ca3c26b2247afe,15,"0,1,2,3,4,5,6,7,9,10,11,12,13,14,15"
i3528_m40,3528,64,e355159f292911f794cb1432a0103a8a,a9e58dbf6b19b98e84c9e4530178885e,16,"0,1,2,3,4,5,6,7,8,9,10,11,12,13,14,15"
i3528_m80,3528,128,e355159f292911f794cb1432a0103a8a,24a809beabcd7185a55f9c73e2c1374e,16,"0,1,2,3,4,5,6,7,8,9,10,11,12,13,14,15"
i3532_m01,3532,1,e355159f292911f794cb1432a0103a8a,e111958f2f2190fe96cb3472a0903a9b,13,"0,1,2,3,4,5,6,7,8,10,11,13,15"
i3532_m02,3532,2,e355159f292911f794cb1432a0103a8a,e75c35ff253813e590491632a5187a08,15,"0,1,2,3,4,5,6,7,8,9,10,12,13,14,15"
i3532_m04,3532,4,e355159f292911f794cb1432a0103a8a,e245119f212b15d3d5de1032b800bbae,14,"0,1,2,4,5,6,7,8,9,10,12,13,14,15"
i3532_m08,3532,8,e355159f292911f794cb1432a0103a8a,f170155f996d19bf96c21e32b031380a,14,"0,1,3,4,5,6,7,8,9,10,12,13,14,15"
i3532_m10,3532,16,e355159f292911f794cb1432a0103a8a,c71d159f01230567909b0432c8423e1b,13,"0,1,4,5,6,7,8,9,10,12,13,14,15"
i3532_m20,3532,32,e355159f292911f794cb1432a0103a8a,abc1169de83930d794cb163620103b89,13,"0,1,2,3,4,5,6,7,10,11,12,14,15"
i3532_m40,3532,64,e355159f292911f794cb1432a0103a8a,727d179ba90953b714cb143280103aca,11,"0,1,2,3,4,5,6,7,8,12,15"
i3532_m80,3532,128,e355159f292911f794cb1432a0103a8a,c15505be6979b576b6cb9430a0801e83,13,"0,2,3,4,5,6,7,8,10,11,13,14,15"
i3536_m01,3536,1,e355159f292911f794cb1432a0103a8a,b55d94962b6d31cf94cb3472a0503b8a,12,"0,1,2,3,4,5,6,7,10,11,13,14"
i3536_m02,3536,2,e355159f292911f794cb1432a0103a8a,e754178f2d2111f791c11432a012ba8a,10,"0,1,2,3,4,5,8,9,13,14"
i3536_m04,3536,4,e355159f292911f794cb1432a0103a8a,ab5711bf203bd1d69edb9536a9143e8a,15,"0,1,2,3,4,5,6,7,8,9,10,11,12,13,14"
i3536_m08,3536,8,e355159f292911f794cb1432a0103a8a,53111ddf390c1035b0ca16fa3211308a,15,"0,1,2,3,4,5,6,7,8,9,10,11,12,13,14"
i3536_m10,3536,16,e355159f292911f794cb1432a0103a8a,cb5f010f2d6901f7dccb14b380543a8a,11,"0,1,2,3,4,5,6,8,11,12,13"
i3536_m20,3536,32,e355159f292911f794cb1432a0103a8a,a345349f69ad10f5c44b1412e0303a8a,12,"0,1,2,4,5,6,7,8,9,11,12,13"
i3536_m40,3536,64,e355159f292911f794cb1432a0103a8a,637557df380959e735c3043231407a8a,14,"0,1,2,3,4,5,6,7,8,9,10,12,13,14"
i3536_m80,3536,128,e355159f292911f794cb1432a0103a8a,a305b11e2b6101f6945b303b8210ba88,14,"0,1,2,3,4,5,6,7,9,10,11,12,14,15"
i3540_m01,3540,1,e355159f292911f794cb1432a0103a8a,e355159f292911f794cb1432a0103a8a,0,
i3540_m02,3540,2,e355159f292911f794cb1432a0103a8a,ef1eb1ff2438536494411632a51a7a08,14,"0,1,2,3,4,5,6,7,9,10,12,13,14,15"
i3540_m04,3540,4,e355159f292911f794cb1432a0103a8a,fbc01ddf310b15d5d5cf1032b800bbaa,15,"0,1,2,3,4,5,6,7,8,9,10,12,13,14,15"
i3540_m08,3540,8,e355159f292911f794cb1432a0103a8a,c05a055f896911fb86ca1e32a4113802,14,"0,1,2,3,4,5,7,8,9,10,12,13,14,15"
i3540_m10,3540,16,e355159f292911f794cb1432a0103a8a,8101359f0123057f909b0432c8423e1b,14,"0,1,2,4,5,6,7,8,9,10,12,13,14,15"
i3540_m20,3540,32,e355159f292911f794cb1432a0103a8a,676f519f292911c7dccb3432b01432aa,10,"0,1,2,7,8,10,12,13,14,15"
i3540_m40,3540,64,e355159f292911f794cb1432a0103a8a,eb219d9f2929119604cb543280182aca,10,"0,1,2,7,8,10,12,13,14,15"
i3540_m80,3540,128,e355159f292911f794cb1432a0103a8a,f3a409b52d2911b5b4dbbc22e000120f,14,"0,1,2,3,4,7,8,9,10,11,12,13,14,15"
i3544_m01,3544,1,e355159f292911f794cb1432a0103a8a,a355159ead4853d7944b3473a2503b8a,12,"0,3,4,5,6,7,9,10,11,12,13,14"
i3544_m02,3544,2,e355159f292911f794cb1432a0103a8a,6754178e256295b790c154b0a492b88a,15,"0,1,2,3,4,5,6,7,8,9,10,11,12,13,14"
i3544_m04,3544,4,e355159f292911f794cb1432a0103a8a,ab5711b939beddd69edb9536a9143e8a,15,"0,1,2,3,4,5,6,7,8,9,10,11,12,13,14"
i3544_m08,3544,8,e355159f292911f794cb1432a0103a8a,f3511dd31a0300f5b0ca167a3210328a,14,"0,1,2,3,4,5,6,7,8,9,10,11,12,14"
i3544_m10,3544,16,e355159f292911f794cb1432a0103a8a,abd711974b3520f79cc9103204542b88,14,"0,1,2,3,4,5,6,8,9,10,12,13,14,15"
i3544_m20,3544,32,e355159f292911f794cb1432a0103a8a,e355158fa51750fd84cf1c12e8101a8a,11,"3,4,5,6,7,8,9,10,11,12,14"
i3544_m40,3544,64,e355159f292911f794cb1432a0103a8a,637557be2079d9e735c3043231407a8a,14,"0,1,2,3,4,5,6,7,8,9,10,12,13,14"
i3544_m80,3544,128,e355159f292911f794cb1432a0103a8a,e75515dd19900dfdd4db34b38010ba8a,12,"0,3,4,5,6,7,8,9,10,11,12,14"
i3548_m01,3548,1,e355159f292911f794cb1432a0103a8a,e355159f292911f794cb1432a0103a8a,0,
i3548_m02,3548,2,e355159f292911f794cb1432a0103a8a,ef1eb1ff2438536494411632a51a7a08,14,"0,1,2,3,4,5,6,7,9,10,12,13,14,15"
i3548_m04,3548,4,e355159f292911f794cb1432a0103a8a,e355159f292911f794cb1432a0103a8a,0,
i3548_m08,3548,8,e355159f292911f794cb1432a0103a8a,c05a055f896911fb86ca1e32a4113802,14,"0,1,2,3,4,5,7,8,9,10,12,13,14,15"
i3548_m10,3548,16,e355159f292911f794cb1432a0103a8a,e355159f292911f794cb1432a0103a8a,0,
i3548_m20,3548,32,e355159f292911f794cb1432a0103a8a,676f519f292911c7dccb3432b01432aa,10,"0,1,2,7,8,10,12,13,14,15"
i3548_m40,3548,64,e355159f292911f794cb1432a0103a8a,eb219d9f2929119604cb543280182aca,10,"0,1,2,7,8,10,12,13,14,15"
i3548_m80,3548,128,e355159f292911f794cb1432a0103a8a,e355159f292911f794cb1432a0103a8a,0,
i3552_m01,3552,1,e355159f292911f794cb1432a0103a8a,6734c78f6d2111f7968b3572a0901adb,13,"0,1,2,3,4,5,8,9,10,11,13,14,15"
i3552_m02,3552,2,e355159f292911f794cb1432a0103a8a,ef9fb1ff253813e690491632a5187a08,15,"0,1,2,3,4,5,6,7,8,9,10,12,13,14,15"
i3552_m04,3552,4,e355159f292911f794cb1432a0103a8a,fbc01d9f212b15d5d5cf1032b800bbaa,14,"0,1,2,4,5,6,7,8,9,10,12,13,14,15"
i3552_m08,3552,8,e355159f292911f794cb1432a0103a8a,d27e055f996d19b396c21e32b031380a,15,"0,1,2,3,4,5,6,7,8,9,10,12,13,14,15"
i3552_m10,3552,16,e355159f292911f794cb1432a0103a8a,8101359f0921017fb0db0432c8523e1b,14,"0,1,2,4,5,6,7,8,9,10,12,13,14,15"
i3552_m20,3552,32,e355159f292911f794cb1432a0103a8a,e355159f292911f794cb1432a0103a8a,0,
i3552_m40,3552,64,e355159f292911f794cb1432a0103a8a,e355159f292911f794cb1432a0103a8a,0,
i3552_m80,3552,128,e355159f292911f794cb1432a0103a8a,e355159f292911f794cb1432a0103a8a,0,
i3556_m01,3556,1,e355159f292911f794cb1432a0103a8a,b75d159ead4873cf944b3473a2503b8a,13,"0,1,3,4,5,6,7,9,10,11,12,13,14"
i3556_m02,3556,2,e355159f292911f794cb1432a0103a8a,6754178c25e395b791c354b0a492388a,15,"0,1,2,3,4,5,6,7,8,9,10,11,12,13,14"
i3556_m04,3556,4,e355159f292911f794cb1432a0103a8a,ab5711b931bcd9d69edb9536a9143e8a,15,"0,1,2,3,4,5,6,7,8,9,10,11,12,13,14"
i3556_m08,3556,8,e355159f292911f794cb1432a0103a8a,53111dd31a020035b0ca16fa3211308a,15,"0,1,2,3,4,5,6,7,8,9,10,11,12,13,14"
i3556_m10,3556,16,e355159f292911f794cb1432a0103a8a,c35d05174b7d31f7dcc910a384102a8a,13,"0,1,2,3,4,5,6,8,9,10,11,12,14"
i3556_m20,3556,32,e355159f292911f794cb1432a0103a8a,a34534afed8750fdd44f1c32a8301a8a,14,"0,1,2,3,4,5,6,7,8,9,10,12,13,14"
i3556_m40,3556,64,e355159f292911f794cb1432a0103a8a,637557feb07999e715c30432b0507a8a,14,"0,1,2,3,4,5,6,7,8,9,10,12,13,14"
i3556_m80,3556,128,e355159f292911f794cb1432a0103a8a,e35515dd198001f7d4db34b38010ba8a,10,"3,4,5,6,8,9,10,11,12,14"
i3560_m01,3560,1,e355159f292911f794cb1432a0103a8a,b75d159ead4873cf944b3473a2503b8a,13,"0,1,3,4,5,6,7,9,10,11,12,13,14"
i3560_m02,3560,2,e355159f292911f794cb1432a0103a8a,6754178c25e395b791c354b0a492388a,15,"0,1,2,3,4,5,6,7,8,9,10,11,12,13,14"
i3560_m04,3560,4,e355159f292911f794cb1432a0103a8a,ab5711b931bcd9d69edb9536a9143e8a,15,"0,1,2,3,4,5,6,7,8,9,10,11,12,13,14"
i3560_m08,3560,8,e355159f292911f794cb1432a0103a8a,53111dd31a020035b0ca16fa3211308a,15,"0,1,2,3,4,5,6,7,8,9,10,11,12,13,14"
i3560_m10,3560,16,e355159f292911f794cb1432a0103a8a,c35d05174b7d31f7dcc910a384102a8a,13,"0,1,2,3,4,5,6,8,9,10,11,12,14"
i3560_m20,3560,32,e355159f292911f794cb1432a0103a8a,a34534afed8750fdd44f1c32a8301a8a,14,"0,1,2,3,4,5,6,7,8,9,10,12,13,14"
i3560_m40,3560,64,e355159f292911f794cb1432a0103a8a,637557feb07999e715c30432b0507a8a,14,"0,1,2,3,4,5,6,7,8,9,10,12,13,14"
i3560_m80,3560,128,e355159f292911f794cb1432a0103a8a,e35515dd198001f7d4db34b38010ba8a,10,"3,4,5,6,8,9,10,11,12,14"
i3564_m01,3564,1,e355159f292911f794cb1432a0103a8a,e315958f2d2111f696cb7472a0113a9b,11,"1,2,3,4,5,7,8,10,11,13,15"
i3564_m02,3564,2,e355159f292911f794cb1432a0103a8a,e355159f292911f794cb1432a0103a8a,0,
i3564_m04,3564,4,e355159f292911f794cb1432a0103a8a,e355159f292911f794cb1432a0103a8a,0,
i3564_m08,3564,8,e355159f292911f794cb1432a0103a8a,f3501d5f896911f784ca1632a4103a02,11,"0,1,2,3,4,5,8,9,10,12,15"
i3564_m10,3564,16,e355159f292911f794cb1432a0103a8a,e355159f292911f794cb1432a0103a8a,0,
i3564_m20,3564,32,e355159f292911f794cb1432a0103a8a,e3c1369de83930f794c3163630303b89,13,"1,2,3,4,5,6,9,10,11,12,13,14,15"
i3564_m40,3564,64,e355159f292911f794cb1432a0103a8a,e355159f292911f794cb1432a0103a8a,0,
i3564_m80,3564,128,e355159f292911f794cb1432a0103a8a,e14519946d79b5f696db3c20a0903687,15,"0,1,2,3,4,5,6,7,8,9,10,11,13,14,15"
i3568_m01,3568,1,e355159f292911f794cb1432a0103a8a,b5ddb4d6af4c73cf944b3472a2547b8a,14,"0,1,2,3,4,5,6,7,9,10,11,12,13,14"
i3568_m02,3568,2,e355159f292911f794cb1432a0103a8a,6754178f2d2011b791c15492a092f80a,14,"0,1,2,3,4,5,7,8,9,10,11,13,14,15"
i3568_m04,3568,4,e355159f292911f794cb1432a0103a8a,ab5711bf2839d5d69edb9536a9143e8a,15,"0,1,2,3,4,5,6,7,8,9,10,11,12,13,14"
i3568_m08,3568,8,e355159f292911f794cb1432a0103a8a,53111ddf39081137b4cb14fa2033388a,12,"0,1,2,3,4,5,7,8,11,12,13,14"
i3568_m10,3568,16,e355159f292911f794cb1432a0103a8a,abd7118f0d2900f79cc9103204542b88,13,"0,1,2,3,4,6,8,9,10,12,13,14,15"
i3568_m20,3568,32,e355159f292911f794cb1432a0103a8a,f3511d8fe50770fd94cf1c32a8101a8a,12,"0,1,2,3,4,5,6,7,9,10,12,14"
i3568_m40,3568,64,e355159f292911f794cb1432a0103a8a,637557fe3071d3f335cb103021482e82,15,"0,1,2,3,4,5,6,7,8,10,11,12,13,14,15"
i3568_m80,3568,128,e355159f292911f794cb1432a0103a8a,a705b19e2b391dfc944b103ba2103a88,13,"0,1,2,3,4,5,6,7,9,10,11,12,15"
i3572_m01,3572,1,e355159f292911f794cb1432a0103a8a,b5ddb4d6af4c73cf944b3472a2547b8a,14,"0,1,2,3,4,5,6,7,9,10,11,12,13,14"
i3572_m02,3572,2,e355159f292911f794cb1432a0103a8a,6754178f2d2011b791c15492a092f80a,14,"0,1,2,3,4,5,7,8,9,10,11,13,14,15"
i3572_m04,3572,4,e355159f292911f794cb1432a0103a8a,ab5711bf2839d5d69edb9536a9143e8a,15,"0,1,2,3,4,5,6,7,8,9,10,11,12,13,14"
i3572_m08,3572,8,e355159f292911f794cb1432a0103a8a,53111ddf39081137b4cb14fa2033388a,12,"0,1,2,3,4,5,7,8,11,12,13,14"
i3572_m10,3572,16,e355159f292911f794cb1432a0103a8a,abd7118f0d2900f79cc9103204542b88,13,"0,1,2,3,4,6,8,9,10,12,13,14,15"
i3572_m20,3572,32,e355159f292911f794cb1432a0103a8a,f3511d8fe50770fd94cf1c32a8101a8a,12,"0,1,2,3,4,5,6,7,9,10,12,14"
i3572_m40,3572,64,e355159f292911f794cb1432a0103a8a,637557fe3071d3f335cb103021482e82,15,"0,1,2,3,4,5,6,7,8,10,11,12,13,14,15"
i3572_m80,3572,128,e355159f292911f794cb1432a0103a8a,a705b19e2b391dfc944b103ba2103a88,13,"0,1,2,3,4,5,6,7,9,10,11,12,15"
i3576_m01,3576,1,e355159f292911f794cb1432a0103a8a,e355159f292911f794cb1432a0103a8a,0,
i3576_m02,3576,2,e355159f292911f794cb1432a0103a8a,e355159f292911f794cb1432a0103a8a,0,
i3576_m04,3576,4,e355159f292911f794cb1432a0103a8a,ea4715df310b15d3d5cf1032b800bbaa,14,"0,1,3,4,5,6,7,8,9,10,12,13,14,15"
i3576_m08,3576,8,e355159f292911f794cb1432a0103a8a,e355159f292911f794cb1432a0103a8a,0,
i3576_m10,3576,16,e355159f292911f794cb1432a0103a8a,e355159f292911f794cb1432a0103a8a,0,
i3576_m20,3576,32,e355159f292911f794cb1432a0103a8a,ebd5359f693930d7d4c3143220303ba8,13,"0,1,2,4,5,6,7,8,9,12,13,14,15"
i3576_m40,3576,64,e355159f292911f794cb1432a0103a8a,e355159f292911f794cb1432a0103a8a,0,
i3576_m80,3576,128,e355159f292911f794cb1432a0103a8a,e355159f292911f794cb1432a0103a8a,0,
i3580_m01,3580,1,e355159f292911f794cb1432a0103a8a,a1d5b4d62b6d11d794cb3473a0547b8a,11,"0,1,2,3,4,5,7,10,11,13,14"
i3580_m02,3580,2,e355159f292911f794cb1432a0103a8a,6754178f2d2011b790c35492a092780a,14,"0,1,2,3,4,5,7,8,9,10,11,13,14,15"
i3580_m04,3580,4,e355159f292911f794cb1432a0103a8a,eb5711bd38bc5df69cdb9532a1143e8a,14,"0,1,2,3,4,5,6,7,8,9,10,12,13,14"
i3580_m08,3580,8,e355159f292911f794cb1432a0103a8a,f3511dd31a0701f7b4cb147a20323a8a,11,"0,1,2,3,4,5,6,8,11,12,13"
i3580_m10,3580,16,e355159f292911f794cb1432a0103a8a,83dd050f0d6110f7d4c910b324102b88,14,"0,1,2,3,4,5,6,8,9,10,11,12,14,15"
i3580_m20,3580,32,e355159f292911f794cb1432a0103a8a,b3413c8fa58371ffc44f1c12e8301a8a,15,"0,1,2,3,4,5,6,7,8,9,10,11,12,13,14"
i3580_m40,3580,64,e355159f292911f794cb1432a0103a8a,6375579fa82113f315cb1030a0582e82,13,"0,1,2,4,5,6,7,8,10,11,13,14,15"
i3580_m80,3580,128,e355159f292911f794cb1432a0103a8a,e715915c1bd81dfc94cb103aa0103a88,11,"0,1,2,3,4,5,6,7,10,11,15"
i3584_m01,3584,1,e355159f292911f794cb1432a0103a8a,a1d5b4d62b6d11d794cb3473a0547b8a,11,"0,1,2,3,4,5,7,10,11,13,14"
i3584_m02,3584,2,e355159f292911f794cb1432a0103a8a,6754178f2d2011b790c35492a092780a,14,"0,1,2,3,4,5,7,8,9,10,11,13,14,15"
i3584_m04,3584,4,e355159f292911f794cb1432a0103a8a,eb5711bd38bc5df69cdb9532a1143e8a,14,"0,1,2,3,4,5,6,7,8,9,10,12,13,14"
i3584_m08,3584,8,e355159f292911f794cb1432a0103a8a,f3511dd31a0701f7b4cb147a20323a8a,11,"0,1,2,3,4,5,6,8,11,12,13"
i3584_m10,3584,16,e355159f292911f794cb1432a0103a8a,83dd050f0d6110f7d4c910b324102b88,14,"0,1,2,3,4,5,6,8,9,10,11,12,14,15"
i3584_m20,3584,32,e355159f292911f794cb1432a0103a8a,b3413c8fa58371ffc44f1c12e8301a8a,15,"0,1,2,3,4,5,6,7,8,9,10,11,12,13,14"
i3584_m40,3584,64,e355159f292911f794cb1432a0103a8a,6375579fa82113f315cb1030a0582e82,13,"0,1,2,4,5,6,7,8,10,11,13,14,15"
i3584_m80,3584,128,e355159f292911f794cb1432a0103a8a,e715915c1bd81dfc94cb103aa0103a88,11,"0,1,2,3,4,5,6,7,10,11,15"
i3588_m01,3588,1,e355159f292911f794cb1432a0103a8a,a1d5b4d62b6d11d794cb3473a0547b8a,11,"0,1,2,3,4,5,7,10,11,13,14"
i3588_m02,3588,2,e355159f292911f794cb1432a0103a8a,6754178f2d2011b790c35492a092780a,14,"0,1,2,3,4,5,7,8,9,10,11,13,14,15"
i3588_m04,3588,4,e355159f292911f794cb1432a0103a8a,eb5711bd38bc5df69cdb9532a1143e8a,14,"0,1,2,3,4,5,6,7,8,9,10,12,13,14"
i3588_m08,3588,8,e355159f292911f794cb1432a0103a8a,f3511dd31a0701f7b4cb147a20323a8a,11,"0,1,2,3,4,5,6,8,11,12,13"
i3588_m10,3588,16,e355159f292911f794cb1432a0103a8a,83dd050f0d6110f7d4c910b324102b88,14,"0,1,2,3,4,5,6,8,9,10,11,12,14,15"
i3588_m20,3588,32,e355159f292911f794cb1432a0103a8a,b3413c8fa58371ffc44f1c12e8301a8a,15,"0,1,2,3,4,5,6,7,8,9,10,11,12,13,14"
i3588_m40,3588,64,e355159f292911f794cb1432a0103a8a,6375579fa82113f315cb1030a0582e82,13,"0,1,2,4,5,6,7,8,10,11,13,14,15"
i3588_m80,3588,128,e355159f292911f794cb1432a0103a8a,e715915c1bd81dfc94cb103aa0103a88,11,"0,1,2,3,4,5,6,7,10,11,15"
i3592_m01,3592,1,e355159f292911f794cb1432a0103a8a,e111959f2b2990fe94cb5432a0913a8a,8,"0,1,2,4,6,7,10,13"
i3592_m02,3592,2,e355159f292911f794cb1432a0103a8a,ef9fb1df2c28536690411632a41a7a0a,15,"0,1,2,3,4,5,6,7,8,9,10,12,13,14,15"
i3592_m04,3592,4,e355159f292911f794cb1432a0103a8a,ea4715df310b15d3d5cf1032b800bbaa,14,"0,1,3,4,5,6,7,8,9,10,12,13,14,15"
i3592_m08,3592,8,e355159f292911f794cb1432a0103a8a,c07f0d9f392d19bb94c31432b0303a8a,10,"0,1,2,4,5,6,7,9,12,13"
i3592_m10,3592,16,e355159f292911f794cb1432a0103a8a,c315149f49a1017734db1530c8503a1b,14,"0,1,2,4,5,6,7,8,9,10,11,12,13,15"
i3592_m20,3592,32,e355159f292911f794cb1432a0103a8a,ebd5359f693930d7d4c3143220303ba8,13,"0,1,2,4,5,6,7,8,9,12,13,14,15"
i3592_m40,3592,64,e355159f292911f794cb1432a0103a8a,7275159f890143b715db143280103a8a,9,"0,1,4,5,6,7,8,9,12"
i3592_m80,3592,128,e355159f292911f794cb1432a0103a8a,d1a419942d69953494db3c20a0103686,13,"0,1,2,3,4,5,6,7,9,10,11,14,15"
i3596_m01,3596,1,e355159f292911f794cb1432a0103a8a,6734c78f6d2111f7968b3572a0901adb,13,"0,1,2,3,4,5,8,9,10,11,13,14,15"
i3596_m02,3596,2,e355159f292911f794cb1432a0103a8a,ef9fb1ff253813e690491632a5187a08,15,"0,1,2,3,4,5,6,7,8,9,10,12,13,14,15"
i3596_m04,3596,4,e355159f292911f794cb1432a0103a8a,fbc01d9f212b15d5d5cf1032b800bbaa,14,"0,1,2,4,5,6,7,8,9,10,12,13,14,15"
i3596_m08,3596,8,e355159f292911f794cb1432a0103a8a,d27e055f996d19b396c21e32b031380a,15,"0,1,2,3,4,5,6,7,8,9,10,12,13,14,15"
i3596_m10,3596,16,e355159f292911f794cb1432a0103a8a,8101359f0921017fb0db0432c8523e1b,14,"0,1,2,4,5,6,7,8,9,10,12,13,14,15"
i3596_m20,3596,32,e355159f292911f794cb1432a0103a8a,6f7b529da82911e7dccb3636b01432ab,13,"0,1,2,3,4,7,8,10,11,12,13,14,15"
i3596_m40,3596,64,e355159f292911f794cb1432a0103a8a,fb099f9b292911d604cb543280182aca,11,"0,1,2,3,7,8,10,12,13,14,15"
i3596_m80,3596,128,e355159f292911f794cb1432a0103a8a,f3b405bf292911b5b4cb9432e0001a0b,11,"0,1,2,3,7,8,10,12,13,14,15"
i3600_m01,3600,1,e355159f292911f794cb1432a0103a8a,e315958f2d2111f696cb7472a0113a9b,11,"1,2,3,4,5,7,8,10,11,13,15"
i3600_m02,3600,2,e355159f292911f794cb1432a0103a8a,e7dd35ff2438536794411632a51a7a08,14,"0,1,2,3,4,5,6,7,9,10,12,13,14,15"
i3600_m04,3600,4,e355159f292911f794cb1432a0103a8a,f2c019df310b15d1d5de1032b800bbae,15,"0,1,2,3,4,5,6,7,8,9,10,12,13,14,15"
i3600_m08,3600,8,e355159f292911f794cb1432a0103a8a,f3501d5f896911f784ca1632a4103a02,11,"0,1,2,3,4,5,8,9,10,12,15"
i3600_m10,3600,16,e355159f292911f794cb1432a0103a8a,8101349f41a3057f149b1530c8403a1b,14,"0,1,2,4,5,6,7,8,9,10,11,12,13,15"
i3600_m20,3600,32,e355159f292911f794cb1432a0103a8a,e3c1369de83930f794c3163630303b89,13,"1,2,3,4,5,6,9,10,11,12,13,14,15"
i3600_m40,3600,64,e355159f292911f794cb1432a0103a8a,625d179b890143f795db1432a0103aca,10,"0,1,2,3,4,5,6,8,9,15"
i3600_m80,3600,128,e355159f292911f794cb1432a0103a8a,e14519946d79b5f696db3c20a0903687,15,"0,1,2,3,4,5,6,7,8,9,10,11,13,14,15"
i3604_m01,3604,1,e355159f292911f794cb1432a0103a8a,e355159f292911f794cb1432a0103a8a,0,
i3604_m02,3604,2,e355159f292911f794cb1432a0103a8a,e355159f292911f794cb1432a0103a8a,0,
i3604_m04,3604,4,e355159f292911f794cb1432a0103a8a,e355159f292911f794cb1432a0103a8a,0,
i3604_m08,3604,8,e355159f292911f794cb1432a0103a8a,e355159f292911f794cb1432a0103a8a,0,
i3604_m10,3604,16,e355159f292911f794cb1432a0103a8a,e355159f292911f794cb1432a0103a8a,0,
i3604_m20,3604,32,e355159f292911f794cb1432a0103a8a,e355159f292911f794cb1432a0103a8a,0,
i3604_m40,3604,64,e355159f292911f794cb1432a0103a8a,e355159f292911f794cb1432a0103a8a,0,
i3604_m80,3604,128,e355159f292911f794cb1432a0103a8a,e355159f292911f794cb1432a0103a8a,0,
i3608_m01,3608,1,e355159f292911f794cb1432a0103a8a,6570478f6f2190fe948b3572a0101ada,13,"0,1,2,3,4,5,6,7,9,10,11,14,15"
i3608_m02,3608,2,e355159f292911f794cb1432a0103a8a,ef1eb1ff2438536494411632a51a7a08,14,"0,1,2,3,4,5,6,7,9,10,12,13,14,15"
i3608_m04,3608,4,e355159f292911f794cb1432a0103a8a,fbc01ddf310b15d5d5cf1032b800bbaa,15,"0,1,2,3,4,5,6,7,8,9,10,12,13,14,15"
i3608_m08,3608,8,e355159f292911f794cb1432a0103a8a,c05a055f896911fb86ca1e32a4113802,14,"0,1,2,3,4,5,7,8,9,10,12,13,14,15"
i3608_m10,3608,16,e355159f292911f794cb1432a0103a8a,8101359f0123057f909b0432c8423e1b,14,"0,1,2,4,5,6,7,8,9,10,12,13,14,15"
i3608_m20,3608,32,e355159f292911f794cb1432a0103a8a,676f519f292911c7dccb3432b01432aa,10,"0,1,2,7,8,10,12,13,14,15"
i3608_m40,3608,64,e355159f292911f794cb1432a0103a8a,eb219d9f2929119604cb543280182aca,10,"0,1,2,7,8,10,12,13,14,15"
i3608_m80,3608,128,e355159f292911f794cb1432a0103a8a,f3a409b52d2911b5b4dbbc22e000120f,14,"0,1,2,3,4,7,8,9,10,11,12,13,14,15"
i3612_m01,3612,1,e355159f292911f794cb1432a0103a8a,e315958f2d2111f696cb7472a0113a9b,11,"1,2,3,4,5,7,8,10,11,13,15"
i3612_m02,3612,2,e355159f292911f794cb1432a0103a8a,e7dd35ff2438536794411632a51a7a08,14,"0,1,2,3,4,5,6,7,9,10,12,13,14,15"
i3612_m04,3612,4,e355159f292911f794cb1432a0103a8a,f2c019df310b15d1d5de1032b800bbae,15,"0,1,2,3,4,5,6,7,8,9,10,12,13,14,15"
i3612_m08,3612,8,e355159f292911f794cb1432a0103a8a,f3501d5f896911f784ca1632a4103a02,11,"0,1,2,3,4,5,8,9,10,12,15"
i3612_m10,3612,16,e355159f292911f794cb1432a0103a8a,8101349f41a3057f149b1530c8403a1b,14,"0,1,2,4,5,6,7,8,9,10,11,12,13,15"
i3612_m20,3612,32,e355159f292911f794cb1432a0103a8a,e3c1369de83930f794c3163630303b89,13,"1,2,3,4,5,6,9,10,11,12,13,14,15"
i3612_m40,3612,64,e355159f292911f794cb1432a0103a8a,625d179b890143f795db1432a0103aca,10,"0,1,2,3,4,5,6,8,9,15"
i3612_m80,3612,128,e355159f292911f794cb1432a0103a8a,e14519946d79b5f696db3c20a0903687,15,"0,1,2,3,4,5,6,7,8,9,10,11,13,14,15"
i3616_m01,3616,1,e355159f292911f794cb1432a0103a8a,b55d94962b6d31cf94cb3472a0503b8a,12,"0,1,2,3,4,5,6,7,10,11,13,14"
i3616_m02,3616,2,e355159f292911f794cb1432a0103a8a,e754178f2d2111f791c11432a012ba8a,10,"0,1,2,3,4,5,8,9,13,14"
i3616_m04,3616,4,e355159f292911f794cb1432a0103a8a,ab5711bf203bd1d69edb9536a9143e8a,15,"0,1,2,3,4,5,6,7,8,9,10,11,12,13,14"
i3616_m08,3616,8,e355159f292911f794cb1432a0103a8a,53111ddf390c1035b0ca16fa3211308a,15,"0,1,2,3,4,5,6,7,8,9,10,11,12,13,14"
i3616_m10,3616,16,e355159f292911f794cb1432a0103a8a,cb5f010f2d6901f7dccb14b380543a8a,11,"0,1,2,3,4,5,6,8,11,12,13"
i3616_m20,3616,32,e355159f292911f794cb1432a0103a8a,a345349f69ad10f5c44b1412e0303a8a,12,"0,1,2,4,5,6,7,8,9,11,12,13"
i3616_m40,3616,64,e355159f292911f794cb1432a0103a8a,637557df380959e735c3043231407a8a,14,"0,1,2,3,4,5,6,7,8,9,10,12,13,14"
i3616_m80,3616,128,e355159f292911f794cb1432a0103a8a,a305b11e2b6101f6945b303b8210ba88,14,"0,1,2,3,4,5,6,7,9,10,11,12,14,15"
i3620_m01,3620,1,e355159f292911f794cb1432a0103a8a,e111958f2f2190fe96cb3472a0903a9b,13,"0,1,2,3,4,5,6,7,8,10,11,13,15"
i3620_m02,3620,2,e355159f292911f794cb1432a0103a8a,e75c35ff253813e590491632a5187a08,15,"0,1,2,3,4,5,6,7,8,9,10,12,13,14,15"
i3620_m04,3620,4,e355159f292911f794cb1432a0103a8a,e245119f212b15d3d5de1032b800bbae,14,"0,1,2,4,5,6,7,8,9,10,12,13,14,15"
i3620_m08,3620,8,e355159f292911f794cb1432a0103a8a,f170155f996d19bf96c21e32b031380a,14,"0,1,3,4,5,6,7,8,9,10,12,13,14,15"
i3620_m10,3620,16,e355159f292911f794cb1432a0103a8a,c71d159f01230567909b0432c8423e1b,13,"0,1,4,5,6,7,8,9,10,12,13,14,15"
i3620_m20,3620,32,e355159f292911f794cb1432a0103a8a,abc1169de83930d794cb163620103b89,13,"0,1,2,3,4,5,6,7,10,11,12,14,15"
i3620_m40,3620,64,e355159f292911f794cb1432a0103a8a,727d179ba90953b714cb143280103aca,11,"0,1,2,3,4,5,6,7,8,12,15"
i3620_m80,3620,128,e355159f292911f794cb1432a0103a8a,c15505be6979b576b6cb9430a0801e83,13,"0,2,3,4,5,6,7,8,10,11,13,14,15"
i3624_m01,3624,1,e355159f292911f794cb1432a0103a8a,e355159f292911f794cb1432a0103a8a,0,
i3624_m02,3624,2,e355159f292911f794cb1432a0103a8a,e355159f292911f794cb1432a0103a8a,0,
i3624_m04,3624,4,e355159f292911f794cb1432a0103a8a,e355159f292911f794cb1432a0103a8a,0,
i3624_m08,3624,8,e355159f292911f794cb1432a0103a8a,e355159f292911f794cb1432a0103a8a,0,
i3624_m10,3624,16,e355159f292911f794cb1432a0103a8a,83dd051f096910f7dccb14a300103b88,12,"0,1,2,3,4,5,6,8,11,12,14,15"
i3624_m20,3624,32,e355159f292911f794cb1432a0103a8a,a345349f69ad10f5c44b1412e0303a8a,12,"0,1,2,4,5,6,7,8,9,11,12,13"
i3624_m40,3624,64,e355159f292911f794cb1432a0103a8a,e355159f292911f794cb1432a0103a8a,0,
i3624_m80,3624,128,e355159f292911f794cb1432a0103a8a,e355159f292911f794cb1432a0103a8a,0,
i3628_m01,3628,1,e355159f292911f794cb1432a0103a8a,a355159f292991d7944b3473a2503b8a,9,"0,6,7,9,10,11,12,13,14"
i3628_m02,3628,2,e355159f292911f794cb1432a0103a8a,e355159f292911f794cb1432a0103a8a,0,
i3628_m04,3628,4,e355159f292911f794cb1432a0103a8a,e355159f292911f794cb1432a0103a8a,0,
i3628_m08,3628,8,e355159f292911f794cb1432a0103a8a,e35515972b2910f590ca163ab210328a,10,"3,4,6,7,8,9,10,11,12,14"
i3628_m10,3628,16,e355159f292911f794cb1432a0103a8a,e355159f292911f794cb1432a0103a8a,0,
i3628_m20,3628,32,e355159f292911f794cb1432a0103a8a,e35515bf292b11ff84cf1c12e8101a8a,9,"3,5,7,8,9,10,11,12,14"
i3628_m40,3628,64,e355159f292911f794cb1432a0103a8a,e355159f292911f794cb1432a0103a8a,0,
i3628_m80,3628,128,e355159f292911f794cb1432a0103a8a,e355151f296101f7d4db34b38010ba8a,9,"3,5,6,8,9,10,11,12,14"
i3632_m01,3632,1,e355159f292911f794cb1432a0103a8a,e15594962b6d91f794cb1432a0103a8a,6,"0,2,3,4,5,6"
i3632_m02,3632,2,e355159f292911f794cb1432a0103a8a,e754178d2da011f790c31432a0123a8a,9,"0,1,2,3,4,5,8,9,13"
i3632_m04,3632,4,e355159f292911f794cb1432a0103a8a,e355159f292911f794cb1432a0103a8a,0,
i3632_m08,3632,8,e355159f292911f794cb1432a0103a8a,e355159f292911f794cb1432a0103a8a,0,
i3632_m10,3632,16,e355159f292911f794cb1432a0103a8a,c35d050f0d6111f7d4cb14b3a0103a8a,8,"0,1,2,3,4,5,8,11"
i3632_m20,3632,32,e355159f292911f794cb1432a0103a8a,e355159f292911f794cb1432a0103a8a,0,
i3632_m40,3632,64,e355159f292911f794cb1432a0103a8a,637557dfb80911f735cb147220503a8a,10,"0,1,2,3,4,5,8,11,12,13"
i3632_m80,3632,128,e355159f292911f794cb1432a0103a8a,e355159f292911f794cb1432a0103a8a,0,
i3636_m01,3636,1,e355159f292911f794cb1432a0103a8a,e315859f692911f7968b1532a0901acb,9,"1,2,4,8,9,10,13,14,15"
i3636_m02,3636,2,e355159f292911f794cb1432a0103a8a,e355159f292911f794cb1432a0103a8a,0,
i3636_m04,3636,4,e355159f292911f794cb1432a0103a8a,e355159f292911f79dcb1032a210bb8e,5,"8,10,12,14,15"
i3636_m08,3636,8,e355159f292911f794cb1432a0103a8a,e151159f292911ff86cb1c32a4113882,9,"0,1,7,8,10,12,13,14,15"
i3636_m10,3636,16,e355159f292911f794cb1432a0103a8a,e355159f292911f794cb1432a0103a8a,0,
i3636_m20,3636,32,e355159f292911f794cb1432a0103a8a,eb57119f292911f7dccb3432b01432aa,9,"0,1,2,8,10,12,13,14,15"
i3636_m40,3636,64,e355159f292911f794cb1432a0103a8a,f3511d9f292911f704cb543280182aca,9,"0,1,2,8,10,12,13,14,15"
i3636_m80,3636,128,e355159f292911f794cb1432a0103a8a,c35505bf29291177b4cb9432e0001a0b,10,"0,2,3,7,8,10,12,13,14,15"
i3640_m01,3640,1,e355159f292911f794cb1432a0103a8a,e111958f2f2190fe96cb3472a0903a9b,13,"0,1,2,3,4,5,6,7,8,10,11,13,15"
i3640_m02,3640,2,e355159f292911f794cb1432a0103a8a,e75d15bf253813e794c91432a4183a8a,10,"0,1,3,4,5,6,7,9,12,13"
i3640_m04,3640,4,e355159f292911f794cb1432a0103a8a,eb4515df310b15d7dccf1432ba003aae,12,"0,1,3,4,5,6,7,8,9,12,13,15"
i3640_m08,3640,8,e355159f292911f794cb1432a0103a8a,f170155f996d19bf84c21632b4303a02,13,"0,1,3,4,5,6,7,8,9,10,12,13,15"
i3640_m10,3640,16,e355159f292911f794cb1432a0103a8a,c315149f49a1017734db1530c8503a1b,14,"0,1,2,4,5,6,7,8,9,10,11,12,13,15"
i3640_m20,3640,32,e355159f292911f794cb1432a0103a8a,abc1169de83930d794cb163620103b89,13,"0,1,2,3,4,5,6,7,10,11,12,14,15"
i3640_m40,3640,64,e355159f292911f794cb1432a0103a8a,727d179ba90953b714cb143280103aca,11,"0,1,2,3,4,5,6,7,8,12,15"
i3640_m80,3640,128,e355159f292911f794cb1432a0103a8a,e14519942d6995f694db3c20a0103686,13,"0,1,2,3,4,5,6,7,9,10,11,14,15"
i3644_m01,3644,1,e355159f292911f794cb1432a0103a8a,a355159f292991d7944b3473a2503b8a,9,"0,6,7,9,10,11,12,13,14"
i3644_m02,3644,2,e355159f292911f794cb1432a0103a8a,6355159d29a911b795cb54b0a490388a,10,"0,3,5,7,8,10,11,12,13,14"
i3644_m04,3644,4,e355159f292911f794cb1432a0103a8a,e355159b292951f696cb9536a9103e8a,8,"3,6,7,8,10,11,12,14"
i3644_m08,3644,8,e355159f292911f794cb1432a0103a8a,e35515972b2910f590ca163ab210328a,10,"3,4,6,7,8,9,10,11,12,14"
i3644_m10,3644,16,e355159f292911f794cb1432a0103a8a,e355159f292911f79cc9102284102a8a,6,"8,9,10,11,12,14"
i3644_m20,3644,32,e355159f292911f794cb1432a0103a8a,e35515bf292b11ff84cf1c12e8101a8a,9,"3,5,7,8,9,10,11,12,14"
i3644_m40,3644,64,e355159f292911f794cb1432a0103a8a,e35515df392919e7b4c3047230107a8a,10,"3,4,6,7,8,9,10,11,12,14"
i3644_m80,3644,128,e355159f292911f794cb1432a0103a8a,e355151f296101f7d4db34b38010ba8a,9,"3,5,6,8,9,10,11,12,14"
i3648_m01,3648,1,e355159f292911f794cb1432a0103a8a,a355159f292991d7944b3473a2503b8a,9,"0,6,7,9,10,11,12,13,14"
i3648_m02,3648,2,e355159f292911f794cb1432a0103a8a,6355159d29a911b795cb54b0a490388a,10,"0,3,5,7,8,10,11,12,13,14"
i3648_m04,3648,4,e355159f292911f794cb1432a0103a8a,e355159b292951f696cb9536a9103e8a,8,"3,6,7,8,10,11,12,14"
i3648_m08,3648,8,e355159f292911f794cb1432a0103a8a,e35515972b2910f590ca163ab210328a,10,"3,4,6,7,8,9,10,11,12,14"
i3648_m10,3648,16,e355159f292911f794cb1432a0103a8a,e355159f292911f79cc9102284102a8a,6,"8,9,10,11,12,14"
i3648_m20,3648,32,e355159f292911f794cb1432a0103a8a,e35515bf292b11ff84cf1c12e8101a8a,9,"3,5,7,8,9,10,11,12,14"
i3648_m40,3648,64,e355159f292911f794cb1432a0103a8a,e35515df392919e7b4c3047230107a8a,10,"3,4,6,7,8,9,10,11,12,14"
i3648_m80,3648,128,e355159f292911f794cb1432a0103a8a,e355151f296101f7d4db34b38010ba8a,9,"3,5,6,8,9,10,11,12,14"
i3652_m01,3652,1,e355159f292911f794cb1432a0103a8a,e15594962b6d91f794cb1432a0103a8a,6,"0,2,3,4,5,6"
i3652_m02,3652,2,e355159f292911f794cb1432a0103a8a,e754178d2da011f790c31432a0123a8a,9,"0,1,2,3,4,5,8,9,13"
i3652_m04,3652,4,e355159f292911f794cb1432a0103a8a,eb5711bb203b11f79edb1436a8143a8a,11,"0,1,2,3,4,5,8,9,11,12,13"
i3652_m08,3652,8,e355159f292911f794cb1432a0103a8a,f3511dd73b0d11f7b4cb147220103a8a,9,"0,1,2,3,4,5,8,11,12"
i3652_m10,3652,16,e355159f292911f794cb1432a0103a8a,c35d050f0d6111f7d4cb14b3a0103a8a,8,"0,1,2,3,4,5,8,11"
i3652_m20,3652,32,e355159f292911f794cb1432a0103a8a,a34534bf61b911f7d44b1432a0303a8a,9,"0,1,2,3,4,5,8,9,13"
i3652_m40,3652,64,e355159f292911f794cb1432a0103a8a,637557dfb80911f735cb147220503a8a,10,"0,1,2,3,4,5,8,11,12,13"
i3652_m80,3652,128,e355159f292911f794cb1432a0103a8a,e315911e0b6911f6d4cb10bba0103a88,10,"1,2,3,4,5,7,8,10,11,15"
i3656_m01,3656,1,e355159f292911f794cb1432a0103a8a,e315859f692911f7968b1532a0901acb,9,"1,2,4,8,9,10,13,14,15"
i3656_m02,3656,2,e355159f292911f794cb1432a0103a8a,e3d535df292911f7904b1632a1107a08,9,"1,2,3,8,9,10,12,14,15"
i3656_m04,3656,4,e355159f292911f794cb1432a0103a8a,e355159f292911f79dcb1032a210bb8e,5,"8,10,12,14,15"
i3656_m08,3656,8,e355159f292911f794cb1432a0103a8a,e151159f292911ff86cb1c32a4113882,9,"0,1,7,8,10,12,13,14,15"
i3656_m10,3656,16,e355159f292911f794cb1432a0103a8a,e355159f292911f7b0cb0432a8123e9a,6,"8,10,12,13,14,15"
i3656_m20,3656,32,e355159f292911f794cb1432a0103a8a,eb57119f292911f7dccb3432b01432aa,9,"0,1,2,8,10,12,13,14,15"
i3656_m40,3656,64,e355159f292911f794cb1432a0103a8a,f3511d9f292911f704cb543280182aca,9,"0,1,2,8,10,12,13,14,15"
i3656_m80,3656,128,e355159f292911f794cb1432a0103a8a,c35505bf29291177b4cb9432e0001a0b,10,"0,2,3,7,8,10,12,13,14,15"
i3660_m01,3660,1,e355159f292911f794cb1432a0103a8a,e315859f692911f7968b1532a0901acb,9,"1,2,4,8,9,10,13,14,15"
i3660_m02,3660,2,e355159f292911f794cb1432a0103a8a,e3d535df292911f7904b1632a1107a08,9,"1,2,3,8,9,10,12,14,15"
i3660_m04,3660,4,e355159f292911f794cb1432a0103a8a,e355159f292911f79dcb1032a210bb8e,5,"8,10,12,14,15"
i3660_m08,3660,8,e355159f292911f794cb1432a0103a8a,e151159f292911ff86cb1c32a4113882,9,"0,1,7,8,10,12,13,14,15"
i3660_m10,3660,16,e355159f292911f794cb1432a0103a8a,e355159f292911f7b0cb0432a8123e9a,6,"8,10,12,13,14,15"
i3660_m20,3660,32,e355159f292911f794cb1432a0103a8a,eb57119f292911f7dccb3432b01432aa,9,"0,1,2,8,10,12,13,14,15"
i3660_m40,3660,64,e355159f292911f794cb1432a0103a8a,f3511d9f292911f704cb543280182aca,9,"0,1,2,8,10,12,13,14,15"
i3660_m80,3660,128,e355159f292911f794cb1432a0103a8a,c35505bf29291177b4cb9432e0001a0b,10,"0,2,3,7,8,10,12,13,14,15"
i3664_m01,3664,1,e355159f292911f794cb1432a0103a8a,e355159f292911f794cb1432a0103a8a,0,
i3664_m02,3664,2,e355159f292911f794cb1432a0103a8a,e355159f292911f794cb1432a0103a8a,0,
i3664_m04,3664,4,e355159f292911f794cb1432a0103a8a,e355159b282b11f794cb1432a0103a8a,3,"3,4,5"
i3664_m08,3664,8,e355159f292911f794cb1432a0103a8a,e355159f292911f794cb1432a0103a8a,0,
i3664_m10,3664,16,e355159f292911f794cb1432a0103a8a,e355158f2d2111f794cb1432a0103a8a,3,"3,4,5"
i3664_m20,3664,32,e355159f292911f794cb1432a0103a8a,e355159f292911f794cb1432a0103a8a,0,
i3664_m40,3664,64,e355159f292911f794cb1432a0103a8a,e35515df390911f794cb1432a0103a8a,3,"3,4,5"
i3664_m80,3664,128,e355159f292911f794cb1432a0103a8a,e355159f292911f794cb1432a0103a8a,0,
i3668_m01,3668,1,e355159f292911f794cb1432a0103a8a,e355159f292911f794cb1432a0103a8a,0,
i3668_m02,3668,2,e355159f292911f794cb1432a0103a8a,e3d4159f292911f594cb1432a0103a8a,2,"1,7"
i3668_m04,3668,4,e355159f292911f794cb1432a0103a8a,e257159f292911f39ccb1432a2103a8e,6,"0,1,7,8,12,15"
i3668_m08,3668,8,e355159f292911f794cb1432a0103a8a,e355159f292911f794cb1432a0103a8a,0,
i3668_m10,3668,16,e355159f292911f794cb1432a0103a8a,e355159f292911f794cb1432a0103a8a,0,
i3668_m20,3668,32,e355159f292911f794cb1432a0103a8a,e355159f292911f794cb1432a0103a8a,0,
i3668_m40,3668,64,e355159f292911f794cb1432a0103a8a,e355159f292911f794cb1432a0103a8a,0,
i3668_m80,3668,128,e355159f292911f794cb1432a0103a8a,e355159f292911f794cb1432a0103a8a,0,
i3672_m01,3672,1,e355159f292911f794cb1432a0103a8a,e355159f292911f794cb1432a0103a8a,0,
i3672_m02,3672,2,e355159f292911f794cb1432a0103a8a,e355159f292911f794cb1432a0103a8a,0,
i3672_m04,3672,4,e355159f292911f794cb1432a0103a8a,e355159b282b11f794cb1432a0103a8a,3,"3,4,5"
i3672_m08,3672,8,e355159f292911f794cb1432a0103a8a,e35515972b2d11f790cb143ab0103a8a,6,"3,4,5,8,11,12"
i3672_m10,3672,16,e355159f292911f794cb1432a0103a8a,e355158f2d2111f794cb1432a0103a8a,3,"3,4,5"
i3672_m20,3672,32,e355159f292911f794cb1432a0103a8a,e35515bf213911f794cb1432a0103a8a,3,"3,4,5"
i3672_m40,3672,64,e355159f292911f794cb1432a0103a8a,e35515df390911f794cb1432a0103a8a,3,"3,4,5"
i3672_m80,3672,128,e355159f292911f794cb1432a0103a8a,e355151f096911f794cb1432a0103a8a,3,"3,4,5"
i3676_m01,3676,1,e355159f292911f794cb1432a0103a8a,e355159e296991f794cb1432a0103a8a,3,"3,5,6"
i3676_m02,3676,2,e355159f292911f794cb1432a0103a8a,e355159d29a811f794cb1432a0103a8a,2,"3,5"
i3676_m04,3676,4,e355159f292911f794cb1432a0103a8a,e355159b282b11f796cb1436a8103a8a,6,"3,4,5,8,11,12"
i3676_m08,3676,8,e355159f292911f794cb1432a0103a8a,e35515972b2d11f794cb1432a0103a8a,3,"3,4,5"
i3676_m10,3676,16,e355159f292911f794cb1432a0103a8a,e355158f2d2111f794cb1432a0103a8a,3,"3,4,5"
i3676_m20,3676,32,e355159f292911f794cb1432a0103a8a,e35515bf213911f794cb1432a0103a8a,3,"3,4,5"
i3676_m40,3676,64,e355159f292911f794cb1432a0103a8a,e355159f292911f794cb1432a0103a8a,0,
i3676_m80,3676,128,e355159f292911f794cb1432a0103a8a,e355159f292911f794cb1432a0103a8a,0,
i3680_m01,3680,1,e355159f292911f794cb1432a0103a8a,e315959f292911f694cb1432a0103a8a,3,"1,2,7"
i3680_m02,3680,2,e355159f292911f794cb1432a0103a8a,e3d4159f292911f590cb1432a1103a88,5,"1,7,8,12,15"
i3680_m04,3680,4,e355159f292911f794cb1432a0103a8a,e257159f292911f39ccb1432a2103a8e,6,"0,1,7,8,12,15"
i3680_m08,3680,8,e355159f292911f794cb1432a0103a8a,e151159f292911ff94cb1432a0103a8a,3,"0,1,7"
i3680_m10,3680,16,e355159f292911f794cb1432a0103a8a,e75d159f292911e794cb1432a0103a8a,3,"0,1,7"
i3680_m20,3680,32,e355159f292911f794cb1432a0103a8a,eb45159f292911d7d4cb1432b0103aaa,6,"0,1,7,8,12,15"
i3680_m40,3680,64,e355159f292911f794cb1432a0103a8a,f375159f292911b794cb1432a0103a8a,3,"0,1,7"
i3680_m80,3680,128,e355159f292911f794cb1432a0103a8a,c315159f2929117794cb1432e0103a0b,5,"0,1,7,12,15"
i3684_m01,3684,1,e355159f292911f794cb1432a0103a8a,e355159ead48d3f794cb1432a0103a8a,4,"3,4,5,6"
i3684_m02,3684,2,e355159f292911f794cb1432a0103a8a,e355159c21ea95f794cb1432a0103a8a,4,"3,4,5,6"
i3684_m04,3684,4,e355159f292911f794cb1432a0103a8a,e355159938ae19f794cb1432a0103a8a,4,"3,4,5,6"
i3684_m08,3684,8,e355159f292911f794cb1432a0103a8a,e35515930a2701f794cb1432a0103a8a,4,"3,4,5,6"
i3684_m10,3684,16,e355159f292911f794cb1432a0103a8a,e35515876f3531f794cb1432a0103a8a,4,"3,4,5,6"
i3684_m20,3684,32,e355159f292911f794cb1432a0103a8a,e35515afa51151f794cb1432a0103a8a,4,"3,4,5,6"
i3684_m40,3684,64,e355159f292911f794cb1432a0103a8a,e35515fe315991f794cb1432a0103a8a,4,"3,4,5,6"
i3684_m80,3684,128,e355159f292911f794cb1432a0103a8a,e355155d19c811f794cb1432a0103a8a,3,"3,4,5"
i3688_m01,3688,1,e355159f292911f794cb1432a0103a8a,e315959f292911f694cb1432a0103a8a,3,"1,2,7"
i3688_m02,3688,2,e355159f292911f794cb1432a0103a8a,e3d4159f292911f590cb1432a1103a88,5,"1,7,8,12,15"
i3688_m04,3688,4,e355159f292911f794cb1432a0103a8a,e257159f292911f39ccb1432a2103a8e,6,"0,1,7,8,12,15"
i3688_m08,3688,8,e355159f292911f794cb1432a0103a8a,e151159f292911ff94cb1432a0103a8a,3,"0,1,7"
i3688_m10,3688,16,e355159f292911f794cb1432a0103a8a,e75d159f292911e794cb1432a0103a8a,3,"0,1,7"
i3688_m20,3688,32,e355159f292911f794cb1432a0103a8a,eb45159f292911d7d4cb1432b0103aaa,6,"0,1,7,8,12,15"
i3688_m40,3688,64,e355159f292911f794cb1432a0103a8a,f375159f292911b794cb1432a0103a8a,3,"0,1,7"
i3688_m80,3688,128,e355159f292911f794cb1432a0103a8a,c315159f2929117794cb1432e0103a0b,5,"0,1,7,12,15"
i3692_m01,3692,1,e355159f292911f794cb1432a0103a8a,e355159e296991f794cb1432a0103a8a,3,"3,5,6"
i3692_m02,3692,2,e355159f292911f794cb1432a0103a8a,e355159d29a811f794cb1432a0103a8a,2,"3,5"
i3692_m04,3692,4,e355159f292911f794cb1432a0103a8a,e355159b282b11f794cb1432a0103a8a,3,"3,4,5"
i3692_m08,3692,8,e355159f292911f794cb1432a0103a8a,e35515972b2d11f794cb1432a0103a8a,3,"3,4,5"
i3692_m10,3692,16,e355159f292911f794cb1432a0103a8a,e355158f2d2111f794cb1432a0103a8a,3,"3,4,5"
i3692_m20,3692,32,e355159f292911f794cb1432a0103a8a,e35515bf213911f794cb1432a0103a8a,3,"3,4,5"
i3692_m40,3692,64,e355159f292911f794cb1432a0103a8a,e35515df390911f794cb1432a0103a8a,3,"3,4,5"
i3692_m80,3692,128,e355159f292911f794cb1432a0103a8a,e355151f096911f794cb1432a0103a8a,3,"3,4,5"
i3696_m01,3696,1,e355159f292911f794cb1432a0103a8a,e355159f292911f794cb1432a0103a8a,0,
i3696_m02,3696,2,e355159f292911f794cb1432a0103a8a,e355159f292911f794cb1432a0103a8a,0,
i3696_m04,3696,4,e355159f292911f794cb1432a0103a8a,e257159f292911f394cb1432a0103a8a,3,"0,1,7"
i3696_m08,3696,8,e355159f292911f794cb1432a0103a8a,e355159f292911f794cb1432a0103a8a,0,
i3696_m10,3696,16,e355159f292911f794cb1432a0103a8a,e355159f292911f794cb1432a0103a8a,0,
i3696_m20,3696,32,e355159f292911f794cb1432a0103a8a,e355159f292911f794cb1432a0103a8a,0,
i3696_m40,3696,64,e355159f292911f794cb1432a0103a8a,f375159f292911b794cb1432a0103a8a,3,"0,1,7"
i3696_m80,3696,128,e355159f292911f794cb1432a0103a8a,e355159f292911f794cb1432a0103a8a,0,
i3700_m01,3700,1,e355159f292911f794cb1432a0103a8a,e355159e296991f794cb1432a0103a8a,3,"3,5,6"
i3700_m02,3700,2,e355159f292911f794cb1432a0103a8a,e355159d29a811f794cb1432a0103a8a,2,"3,5"
i3700_m04,3700,4,e355159f292911f794cb1432a0103a8a,e355159b282b11f794cb1432a0103a8a,3,"3,4,5"
i3700_m08,3700,8,e355159f292911f794cb1432a0103a8a,e35515972b2d11f794cb1432a0103a8a,3,"3,4,5"
i3700_m10,3700,16,e355159f292911f794cb1432a0103a8a,e355158f2d2111f794cb1432a0103a8a,3,"3,4,5"
i3700_m20,3700,32,e355159f292911f794cb1432a0103a8a,e35515bf213911f794cb1432a0103a8a,3,"3,4,5"
i3700_m40,3700,64,e355159f292911f794cb1432a0103a8a,e35515df390911f794cb1432a0103a8a,3,"3,4,5"
i3700_m80,3700,128,e355159f292911f794cb1432a0103a8a,e355151f096911f794cb1432a0103a8a,3,"3,4,5"
i3704_m01,3704,1,e355159f292911f794cb1432a0103a8a,e355159f292911f7944b1433a2103a8a,3,"9,11,12"
i3704_m02,3704,2,e355159f292911f794cb1432a0103a8a,e355159d29a811f795cb1430a4103a8a,5,"3,5,8,11,12"
i3704_m04,3704,4,e355159f292911f794cb1432a0103a8a,e355159b282b11f796cb1436a8103a8a,6,"3,4,5,8,11,12"
i3704_m08,3704,8,e355159f292911f794cb1432a0103a8a,e35515972b2d11f790cb143ab0103a8a,6,"3,4,5,8,11,12"
i3704_m10,3704,16,e355159f292911f794cb1432a0103a8a,e355159f292911f79ccb142280103a8a,3,"8,11,12"
i3704_m20,3704,32,e355159f292911f794cb1432a0103a8a,e35515bf213911f784cb1412e0103a8a,6,"3,4,5,8,11,12"
i3704_m40,3704,64,e355159f292911f794cb1432a0103a8a,e35515df390911f7b4cb147220103a8a,6,"3,4,5,8,11,12"
i3704_m80,3704,128,e355159f292911f794cb1432a0103a8a,e355151f096911f7d4cb14b3a0103a8a,5,"3,4,5,8,11"
i3708_m01,3708,1,e355159f292911f794cb1432a0103a8a,e355159f292911f796cb1432a0903a8b,3,"8,13,15"
i3708_m02,3708,2,e355159f292911f794cb1432a0103a8a,e355159f292911f790cb1432a1103a88,3,"8,12,15"
i3708_m04,3708,4,e355159f292911f794cb1432a0103a8a,e355159f292911f79ccb1432a2103a8e,3,"8,12,15"
i3708_m08,3708,8,e355159f292911f794cb1432a0103a8a,e355159f292911f794cb1432a0103a8a,0,
i3708_m10,3708,16,e355159f292911f794cb1432a0103a8a,e355159f292911f7b4cb1432a8103a9a,3,"8,12,15"
i3708_m20,3708,32,e355159f292911f794cb1432a0103a8a,e355159f292911f794cb1432a0103a8a,0,
i3708_m40,3708,64,e355159f292911f794cb1432a0103a8a,e355159f292911f794cb1432a0103a8a,0,
i3708_m80,3708,128,e355159f292911f794cb1432a0103a8a,e355159f292911f794cb1432a0103a8a,0,
i3712_m01,3712,1,e355159f292911f794cb1432a0103a8a,e355159f292911f796cb1432a0903a8b,3,"8,13,15"
i3712_m02,3712,2,e355159f292911f794cb1432a0103a8a,e355159f292911f790cb1432a1103a88,3,"8,12,15"
i3712_m04,3712,4,e355159f292911f794cb1432a0103a8a,e355159f292911f794cb1432a0103a8a,0,
i3712_m08,3712,8,e355159f292911f794cb1432a0103a8a,e151159f292911ff84cb1432a4103a82,6,"0,1,7,8,12,15"
i3712_m10,3712,16,e355159f292911f794cb1432a0103a8a,e355159f292911f7b4cb1432a8103a9a,3,"8,12,15"
i3712_m20,3712,32,e355159f292911f794cb1432a0103a8a,e355159f292911f7d4cb1432b0103aaa,3,"8,12,15"
i3712_m40,3712,64,e355159f292911f794cb1432a0103a8a,e355159f292911f714cb143280103aca,3,"8,12,15"
i3712_m80,3712,128,e355159f292911f794cb1432a0103a8a,c315159f2929117794cb1432e0103a0b,5,"0,1,7,12,15"
i3716_m01,3716,1,e355159f292911f794cb1432a0103a8a,e355159f292911f796cb1432a0903a8b,3,"8,13,15"
i3716_m02,3716,2,e355159f292911f794cb1432a0103a8a,e355159f292911f790cb1432a1103a88,3,"8,12,15"
i3716_m04,3716,4,e355159f292911f794cb1432a0103a8a,e355159f292911f794cb1432a0103a8a,0,
i3716_m08,3716,8,e355159f292911f794cb1432a0103a8a,e151159f292911ff84cb1432a4103a82,6,"0,1,7,8,12,15"
i3716_m10,3716,16,e355159f292911f794cb1432a0103a8a,e355159f292911f7b4cb1432a8103a9a,3,"8,12,15"
i3716_m20,3716,32,e355159f292911f794cb1432a0103a8a,e355159f292911f7d4cb1432b0103aaa,3,"8,12,15"
i3716_m40,3716,64,e355159f292911f794cb1432a0103a8a,e355159f292911f714cb143280103aca,3,"8,12,15"
i3716_m80,3716,128,e355159f292911f794cb1432a0103a8a,c315159f2929117794cb1432e0103a0b,5,"0,1,7,12,15"
i3720_m01,3720,1,e355159f292911f794cb1432a0103a8a,e355159f292911f7944b1433a2103a8a,3,"9,11,12"
i3720_m02,3720,2,e355159f292911f794cb1432a0103a8a,e355159d29a811f795cb1430a4103a8a,5,"3,5,8,11,12"
i3720_m04,3720,4,e355159f292911f794cb1432a0103a8a,e355159b282b11f796cb1436a8103a8a,6,"3,4,5,8,11,12"
i3720_m08,3720,8,e355159f292911f794cb1432a0103a8a,e35515972b2d11f794cb1432a0103a8a,3,"3,4,5"
i3720_m10,3720,16,e355159f292911f794cb1432a0103a8a,e355159f292911f79ccb142280103a8a,3,"8,11,12"
i3720_m20,3720,32,e355159f292911f794cb1432a0103a8a,e35515bf213911f784cb1412e0103a8a,6,"3,4,5,8,11,12"
i3720_m40,3720,64,e355159f292911f794cb1432a0103a8a,e35515df390911f7b4cb147220103a8a,6,"3,4,5,8,11,12"
i3720_m80,3720,128,e355159f292911f794cb1432a0103a8a,e355151f096911f7d4cb14b3a0103a8a,5,"3,4,5,8,11"
i3724_m01,3724,1,e355159f292911f794cb1432a0103a8a,e355159f292911f796cb1432a0903a8b,3,"8,13,15"
i3724_m02,3724,2,e355159f292911f794cb1432a0103a8a,e355159f292911f790cb1432a1103a88,3,"8,12,15"
i3724_m04,3724,4,e355159f292911f794cb1432a0103a8a,e355159f292911f794cb1432a0103a8a,0,
i3724_m08,3724,8,e355159f292911f794cb1432a0103a8a,e151159f292911ff84cb1432a4103a82,6,"0,1,7,8,12,15"
i3724_m10,3724,16,e355159f292911f794cb1432a0103a8a,e355159f292911f7b4cb1432a8103a9a,3,"8,12,15"
i3724_m20,3724,32,e355159f292911f794cb1432a0103a8a,e355159f292911f7d4cb1432b0103aaa,3,"8,12,15"
i3724_m40,3724,64,e355159f292911f794cb1432a0103a8a,e355159f292911f714cb143280103aca,3,"8,12,15"
i3724_m80,3724,128,e355159f292911f794cb1432a0103a8a,c315159f2929117794cb1432e0103a0b,5,"0,1,7,12,15"
i3728_m01,3728,1,e355159f292911f794cb1432a0103a8a,e355159f292911f794cb1432a0103a8a,0,
i3728_m02,3728,2,e355159f292911f794cb1432a0103a8a,e3d4159f292911f594cb1432a0103a8a,2,"1,7"
i3728_m04,3728,4,e355159f292911f794cb1432a0103a8a,e257159f292911f39ccb1432a2103a8e,6,"0,1,7,8,12,15"
i3728_m08,3728,8,e355159f292911f794cb1432a0103a8a,e355159f292911f794cb1432a0103a8a,0,
i3728_m10,3728,16,e355159f292911f794cb1432a0103a8a,e75d159f292911e794cb1432a0103a8a,3,"0,1,7"
i3728_m20,3728,32,e355159f292911f794cb1432a0103a8a,e355159f292911f794cb1432a0103a8a,0,
i3728_m40,3728,64,e355159f292911f794cb1432a0103a8a,e355159f292911f794cb1432a0103a8a,0,
i3728_m80,3728,128,e355159f292911f794cb1432a0103a8a,c315159f2929117794cb1432a0103a8a,3,"0,1,7"
i3732_m01,3732,1,e355159f292911f794cb1432a0103a8a,e355159e296991f794cb1432a0103a8a,3,"3,5,6"
i3732_m02,3732,2,e355159f292911f794cb1432a0103a8a,e355159d29a811f794cb1432a0103a8a,2,"3,5"
i3732_m04,3732,4,e355159f292911f794cb1432a0103a8a,e355159b282b11f794cb1432a0103a8a,3,"3,4,5"
i3732_m08,3732,8,e355159f292911f794cb1432a0103a8a,e35515972b2d11f790cb143ab0103a8a,6,"3,4,5,8,11,12"
i3732_m10,3732,16,e355159f292911f794cb1432a0103a8a,e355158f2d2111f794cb1432a0103a8a,3,"3,4,5"
i3732_m20,3732,32,e355159f292911f794cb1432a0103a8a,e35515bf213911f794cb1432a0103a8a,3,"3,4,5"
i3732_m40,3732,64,e355159f292911f794cb1432a0103a8a,e35515df390911f794cb1432a0103a8a,3,"3,4,5"
i3732_m80,3732,128,e355159f292911f794cb1432a0103a8a,e355151f096911f794cb1432a0103a8a,3,"3,4,5"
i3736_m01,3736,1,e355159f292911f794cb1432a0103a8a,e315959f292911f694cb1432a0103a8a,3,"1,2,7"
i3736_m02,3736,2,e355159f292911f794cb1432a0103a8a,e3d4159f292911f590cb1432a1103a88,5,"1,7,8,12,15"
i3736_m04,3736,4,e355159f292911f794cb1432a0103a8a,e257159f292911f39ccb1432a2103a8e,6,"0,1,7,8,12,15"
i3736_m08,3736,8,e355159f292911f794cb1432a0103a8a,e151159f292911ff94cb1432a0103a8a,3,"0,1,7"
i3736_m10,3736,16,e355159f292911f794cb1432a0103a8a,e75d159f292911e794cb1432a0103a8a,3,"0,1,7"
i3736_m20,3736,32,e355159f292911f794cb1432a0103a8a,eb45159f292911d7d4cb1432b0103aaa,6,"0,1,7,8,12,15"
i3736_m40,3736,64,e355159f292911f794cb1432a0103a8a,f375159f292911b794cb1432a0103a8a,3,"0,1,7"
i3736_m80,3736,128,e355159f292911f794cb1432a0103a8a,c315159f2929117794cb1432e0103a0b,5,"0,1,7,12,15"
i3740_m01,3740,1,e355159f292911f794cb1432a0103a8a,e355159e296991f794cb1432a0103a8a,3,"3,5,6"
i3740_m02,3740,2,e355159f292911f794cb1432a0103a8a,e355159d29a811f794cb1432a0103a8a,2,"3,5"
i3740_m04,3740,4,e355159f292911f794cb1432a0103a8a,e355159b282b11f796cb1436a8103a8a,6,"3,4,5,8,11,12"
i3740_m08,3740,8,e355159f292911f794cb1432a0103a8a,e35515972b2d11f794cb1432a0103a8a,3,"3,4,5"
i3740_m10,3740,16,e355159f292911f794cb1432a0103a8a,e355158f2d2111f794cb1432a0103a8a,3,"3,4,5"
i3740_m20,3740,32,e355159f292911f794cb1432a0103a8a,e35515bf213911f794cb1432a0103a8a,3,"3,4,5"
i3740_m40,3740,64,e355159f292911f794cb1432a0103a8a,e35515df390911f7b4cb147220103a8a,6,"3,4,5,8,11,12"
i3740_m80,3740,128,e355159f292911f794cb1432a0103a8a,e355151f096911f7d4cb14b3a0103a8a,5,"3,4,5,8,11"
i3744_m01,3744,1,e355159f292911f794cb1432a0103a8a,e355159f292911f794cb1432a0103a8a,0,
i3744_m02,3744,2,e355159f292911f794cb1432a0103a8a,e3d4159f292911f594cb1432a0103a8a,2,"1,7"
i3744_m04,3744,4,e355159f292911f794cb1432a0103a8a,e257159f292911f39ccb1432a2103a8e,6,"0,1,7,8,12,15"
i3744_m08,3744,8,e355159f292911f794cb1432a0103a8a,e355159f292911f794cb1432a0103a8a,0,
i3744_m10,3744,16,e355159f292911f794cb1432a0103a8a,e75d159f292911e794cb1432a0103a8a,3,"0,1,7"
i3744_m20,3744,32,e355159f292911f794cb1432a0103a8a,e355159f292911f794cb1432a0103a8a,0,
i3744_m40,3744,64,e355159f292911f794cb1432a0103a8a,e355159f292911f794cb1432a0103a8a,0,
i3744_m80,3744,128,e355159f292911f794cb1432a0103a8a,c315159f2929117794cb1432a0103a8a,3,"0,1,7"
i3748_m01,3748,1,e355159f292911f794cb1432a0103a8a,e315959f292911f694cb1432a0103a8a,3,"1,2,7"
i3748_m02,3748,2,e355159f292911f794cb1432a0103a8a,e3d4159f292911f594cb1432a0103a8a,2,"1,7"
i3748_m04,3748,4,e355159f292911f794cb1432a0103a8a,e257159f292911f394cb1432a0103a8a,3,"0,1,7"
i3748_m08,3748,8,e355159f292911f794cb1432a0103a8a,e151159f292911ff94cb1432a0103a8a,3,"0,1,7"
i3748_m10,3748,16,e355159f292911f794cb1432a0103a8a,e75d159f292911e794cb1432a0103a8a,3,"0,1,7"
i3748_m20,3748,32,e355159f292911f794cb1432a0103a8a,eb45159f292911d794cb1432a0103a8a,3,"0,1,7"
i3748_m40,3748,64,e355159f292911f794cb1432a0103a8a,f375159f292911b794cb1432a0103a8a,3,"0,1,7"
i3748_m80,3748,128,e355159f292911f794cb1432a0103a8a,c315159f2929117794cb1432a0103a8a,3,"0,1,7"
i3752_m01,3752,1,e355159f292911f794cb1432a0103a8a,e355159f292911f7944b1433a2103a8a,3,"9,11,12"
i3752_m02,3752,2,e355159f292911f794cb1432a0103a8a,e355159d29a811f795cb1430a4103a8a,5,"3,5,8,11,12"
i3752_m04,3752,4,e355159f292911f794cb1432a0103a8a,e355159b282b11f796cb1436a8103a8a,6,"3,4,5,8,11,12"
i3752_m08,3752,8,e355159f292911f794cb1432a0103a8a,e35515972b2d11f794cb1432a0103a8a,3,"3,4,5"
i3752_m10,3752,16,e355159f292911f794cb1432a0103a8a,e355159f292911f79ccb142280103a8a,3,"8,11,12"
i3752_m20,3752,32,e355159f292911f794cb1432a0103a8a,e35515bf213911f784cb1412e0103a8a,6,"3,4,5,8,11,12"
i3752_m40,3752,64,e355159f292911f794cb1432a0103a8a,e35515df390911f7b4cb147220103a8a,6,"3,4,5,8,11,12"
i3752_m80,3752,128,e355159f292911f794cb1432a0103a8a,e355151f096911f7d4cb14b3a0103a8a,5,"3,4,5,8,11"
i3756_m01,3756,1,e355159f292911f794cb1432a0103a8a,e355159e296991f794cb1432a0103a8a,3,"3,5,6"
i3756_m02,3756,2,e355159f292911f794cb1432a0103a8a,e355159d29a811f794cb1432a0103a8a,2,"3,5"
i3756_m04,3756,4,e355159f292911f794cb1432a0103a8a,e355159b282b11f794cb1432a0103a8a,3,"3,4,5"
i3756_m08,3756,8,e355159f292911f794cb1432a0103a8a,e35515972b2d11f794cb1432a0103a8a,3,"3,4,5"
i3756_m10,3756,16,e355159f292911f794cb1432a0103a8a,e355158f2d2111f794cb1432a0103a8a,3,"3,4,5"
i3756_m20,3756,32,e355159f292911f794cb1432a0103a8a,e35515bf213911f794cb1432a0103a8a,3,"3,4,5"
i3756_m40,3756,64,e355159f292911f794cb1432a0103a8a,e35515df390911f794cb1432a0103a8a,3,"3,4,5"
i3756_m80,3756,128,e355159f292911f794cb1432a0103a8a,e355151f096911f794cb1432a0103a8a,3,"3,4,5"
i3760_m01,3760,1,e355159f292911f794cb1432a0103a8a,e355159e296991f794cb1432a0103a8a,3,"3,5,6"
i3760_m02,3760,2,e355159f292911f794cb1432a0103a8a,e355159d29a811f794cb1432a0103a8a,2,"3,5"
i3760_m04,3760,4,e355159f292911f794cb1432a0103a8a,e355159b282b11f794cb1432a0103a8a,3,"3,4,5"
i3760_m08,3760,8,e355159f292911f794cb1432a0103a8a,e35515972b2d11f794cb1432a0103a8a,3,"3,4,5"
i3760_m10,3760,16,e355159f292911f794cb1432a0103a8a,e355158f2d2111f794cb1432a0103a8a,3,"3,4,5"
i3760_m20,3760,32,e355159f292911f794cb1432a0103a8a,e35515bf213911f794cb1432a0103a8a,3,"3,4,5"
i3760_m40,3760,64,e355159f292911f794cb1432a0103a8a,e35515df390911f794cb1432a0103a8a,3,"3,4,5"
i3760_m80,3760,128,e355159f292911f794cb1432a0103a8a,e355151f096911f794cb1432a0103a8a,3,"3,4,5"
i3764_m01,3764,1,e355159f292911f794cb1432a0103a8a,e315959f292911f696cb1432a0903a8b,6,"1,2,7,8,13,15"
i3764_m02,3764,2,e355159f292911f794cb1432a0103a8a,e355159f292911f790cb1432a1103a88,3,"8,12,15"
i3764_m04,3764,4,e355159f292911f794cb1432a0103a8a,e355159f292911f79ccb1432a2103a8e,3,"8,12,15"
i3764_m08,3764,8,e355159f292911f794cb1432a0103a8a,e355159f292911f784cb1432a4103a82,3,"8,12,15"
i3764_m10,3764,16,e355159f292911f794cb1432a0103a8a,e355159f292911f7b4cb1432a8103a9a,3,"8,12,15"
i3764_m20,3764,32,e355159f292911f794cb1432a0103a8a,eb45159f292911d7d4cb1432b0103aaa,6,"0,1,7,8,12,15"
i3764_m40,3764,64,e355159f292911f794cb1432a0103a8a,f375159f292911b714cb143280103aca,6,"0,1,7,8,12,15"
i3764_m80,3764,128,e355159f292911f794cb1432a0103a8a,c315159f2929117794cb1432e0103a0b,5,"0,1,7,12,15"
i3768_m01,3768,1,e355159f292911f794cb1432a0103a8a,e355159f292911f794cb1432a0103a8a,0,
i3768_m02,3768,2,e355159f292911f794cb1432a0103a8a,e355159f292911f794cb1432a0103a8a,0,
i3768_m04,3768,4,e355159f292911f794cb1432a0103a8a,e355159f292911f794cb1432a0103a8a,0,
i3768_m08,3768,8,e355159f292911f794cb1432a0103a8a,e355159f292911f794cb1432a0103a8a,0,
i3768_m10,3768,16,e355159f292911f794cb1432a0103a8a,e355159f292911f794cb1432a0103a8a,0,
i3768_m20,3768,32,e355159f292911f794cb1432a0103a8a,e355159f292911f794cb1432a0103a8a,0,
i3768_m40,3768,64,e355159f292911f794cb1432a0103a8a,e355159f292911f794cb1432a0103a8a,0,
i3768_m80,3768,128,e355159f292911f794cb1432a0103a8a,e355159f292911f794cb1432a0103a8a,0,
i3772_m01,3772,1,e355159f292911f794cb1432a0103a8a,e355159f292911f7944b1433a2103a8a,3,"9,11,12"
i3772_m02,3772,2,e355159f292911f794cb1432a0103a8a,e355159f292911f795cb1430a4103a8a,3,"8,11,12"
i3772_m04,3772,4,e355159f292911f794cb1432a0103a8a,e355159f292911f796cb1436a8103a8a,3,"8,11,12"
i3772_m08,3772,8,e355159f292911f794cb1432a0103a8a,e355159f292911f790cb143ab0103a8a,3,"8,11,12"
i3772_m10,3772,16,e355159f292911f794cb1432a0103a8a,e355159f292911f79ccb142280103a8a,3,"8,11,12"
i3772_m20,3772,32,e355159f292911f794cb1432a0103a8a,e355159f292911f784cb1412e0103a8a,3,"8,11,12"
i3772_m40,3772,64,e355159f292911f794cb1432a0103a8a,e355159f292911f7b4cb147220103a8a,3,"8,11,12"
i3772_m80,3772,128,e355159f292911f794cb1432a0103a8a,e355159f292911f7d4cb14b3a0103a8a,2,"8,11"
i3776_m01,3776,1,e355159f292911f794cb1432a0103a8a,e315959f292911f694cb1432a0103a8a,3,"1,2,7"
i3776_m02,3776,2,e355159f292911f794cb1432a0103a8a,e355159f292911f794cb1432a0103a8a,0,
i3776_m04,3776,4,e355159f292911f794cb1432a0103a8a,e355159f292911f794cb1432a0103a8a,0,
i3776_m08,3776,8,e355159f292911f794cb1432a0103a8a,e151159f292911ff94cb1432a0103a8a,3,"0,1,7"
i3776_m10,3776,16,e355159f292911f794cb1432a0103a8a,e355159f292911f794cb1432a0103a8a,0,
i3776_m20,3776,32,e355159f292911f794cb1432a0103a8a,eb45159f292911d794cb1432a0103a8a,3,"0,1,7"
i3776_m40,3776,64,e355159f292911f794cb1432a0103a8a,f375159f292911b794cb1432a0103a8a,3,"0,1,7"
i3776_m80,3776,128,e355159f292911f794cb1432a0103a8a,e355159f292911f794cb1432a0103a8a,0,
i3780_m01,3780,1,e355159f292911f794cb1432a0103a8a,e355159f292911f794cb1432a0103a8a,0,
i3780_m02,3780,2,e355159f292911f794cb1432a0103a8a,e355159f292911f794cb1432a0103a8a,0,
i3780_m04,3780,4,e355159f292911f794cb1432a0103a8a,e355159f292911f794cb1432a0103a8a,0,
i3780_m08,3780,8,e355159f292911f794cb1432a0103a8a,e355159f292911f794cb1432a0103a8a,0,
i3780_m10,3780,16,e355159f292911f794cb1432a0103a8a,e355159f292911f794cb1432a0103a8a,0,
i3780_m20,3780,32,e355159f292911f794cb1432a0103a8a,e355159f292911f794cb1432a0103a8a,0,
i3780_m40,3780,64,e355159f292911f794cb1432a0103a8a,e355159f292911f794cb1432a0103a8a,0,
i3780_m80,3780,128,e355159f292911f794cb1432a0103a8a,e355159f292911f794cb1432a0103a8a,0,
i3784_m01,3784,1,e355159f292911f794cb1432a0103a8a,e355159f292911f794cb1432a0103a8a,0,
i3784_m02,3784,2,e355159f292911f794cb1432a0103a8a,e355159f292911f794cb1432a0103a8a,0,
i3784_m04,3784,4,e355159f292911f794cb1432a0103a8a,e355159f292911f794cb1432a0103a8a,0,
i3784_m08,3784,8,e355159f292911f794cb1432a0103a8a,e355159f292911f794cb1432a0103a8a,0,
i3784_m10,3784,16,e355159f292911f794cb1432a0103a8a,e355159f292911f794cb1432a0103a8a,0,
i3784_m20,3784,32,e355159f292911f794cb1432a0103a8a,e355159f292911f794cb1432a0103a8a,0,
i3784_m40,3784,64,e355159f292911f794cb1432a0103a8a,e355159f292911f794cb1432a0103a8a,0,
i3784_m80,3784,128,e355159f292911f794cb1432a0103a8a,e355159f292911f794cb1432a0103a8a,0,
i3788_m01,3788,1,e355159f292911f794cb1432a0103a8a,e315959f292911f694cb1432a0103a8a,3,"1,2,7"
i3788_m02,3788,2,e355159f292911f794cb1432a0103a8a,e3d4159f292911f594cb1432a0103a8a,2,"1,7"
i3788_m04,3788,4,e355159f292911f794cb1432a0103a8a,e257159f292911f394cb1432a0103a8a,3,"0,1,7"
i3788_m08,3788,8,e355159f292911f794cb1432a0103a8a,e151159f292911ff94cb1432a0103a8a,3,"0,1,7"
i3788_m10,3788,16,e355159f292911f794cb1432a0103a8a,e75d159f292911e794cb1432a0103a8a,3,"0,1,7"
i3788_m20,3788,32,e355159f292911f794cb1432a0103a8a,eb45159f292911d794cb1432a0103a8a,3,"0,1,7"
i3788_m40,3788,64,e355159f292911f794cb1432a0103a8a,f375159f292911b794cb1432a0103a8a,3,"0,1,7"
i3788_m80,3788,128,e355159f292911f794cb1432a0103a8a,c315159f2929117794cb1432a0103a8a,3,"0,1,7"
i3792_m01,3792,1,e355159f292911f794cb1432a0103a8a,e355159e296991f794cb1432a0103a8a,3,"3,5,6"
i3792_m02,3792,2,e355159f292911f794cb1432a0103a8a,e355159d29a811f794cb1432a0103a8a,2,"3,5"
i3792_m04,3792,4,e355159f292911f794cb1432a0103a8a,e355159b282b11f794cb1432a0103a8a,3,"3,4,5"
i3792_m08,3792,8,e355159f292911f794cb1432a0103a8a,e35515972b2d11f794cb1432a0103a8a,3,"3,4,5"
i3792_m10,3792,16,e355159f292911f794cb1432a0103a8a,e355158f2d2111f794cb1432a0103a8a,3,"3,4,5"
i3792_m20,3792,32,e355159f292911f794cb1432a0103a8a,e35515bf213911f794cb1432a0103a8a,3,"3,4,5"
i3792_m40,3792,64,e355159f292911f794cb1432a0103a8a,e35515df390911f794cb1432a0103a8a,3,"3,4,5"
i3792_m80,3792,128,e355159f292911f794cb1432a0103a8a,e355151f096911f794cb1432a0103a8a,3,"3,4,5"
i3796_m01,3796,1,e355159f292911f794cb1432a0103a8a,e355159f292911f794cb1432a0103a8a,0,
i3796_m02,3796,2,e355159f292911f794cb1432a0103a8a,e355159f292911f794cb1432a0103a8a,0,
i3796_m04,3796,4,e355159f292911f794cb1432a0103a8a,e355159f292911f794cb1432a0103a8a,0,
i3796_m08,3796,8,e355159f292911f794cb1432a0103a8a,e355159f292911f794cb1432a0103a8a,0,
i3796_m10,3796,16,e355159f292911f794cb1432a0103a8a,e355159f292911f794cb1432a0103a8a,0,
i3796_m20,3796,32,e355159f292911f794cb1432a0103a8a,e355159f292911f794cb1432a0103a8a,0,
i3796_m40,3796,64,e355159f292911f794cb1432a0103a8a,e355159f292911f794cb1432a0103a8a,0,
i3796_m80,3796,128,e355159f292911f794cb1432a0103a8a,e355159f292911f794cb1432a0103a8a,0,
i3800_m01,3800,1,e355159f292911f794cb1432a0103a8a,e355159f292911f794cb1432a0103a8a,0,
i3800_m02,3800,2,e355159f292911f794cb1432a0103a8a,e355159f292911f794cb1432a0103a8a,0,
i3800_m04,3800,4,e355159f292911f794cb1432a0103a8a,e355159f292911f794cb1432a0103a8a,0,
i3800_m08,3800,8,e355159f292911f794cb1432a0103a8a,e355159f292911f794cb1432a0103a8a,0,
i3800_m10,3800,16,e355159f292911f794cb1432a0103a8a,e355159f292911f794cb1432a0103a8a,0,
i3800_m20,3800,32,e355159f292911f794cb1432a0103a8a,e355159f292911f794cb1432a0103a8a,0,
i3800_m40,3800,64,e355159f292911f794cb1432a0103a8a,e355159f292911f794cb1432a0103a8a,0,
i3800_m80,3800,128,e355159f292911f794cb1432a0103a8a,e355159f292911f794cb1432a0103a8a,0,
i3804_m01,3804,1,e355159f292911f794cb1432a0103a8a,e355159f292911f794cb1432a0103a8a,0,
i3804_m02,3804,2,e355159f292911f794cb1432a0103a8a,e355159f292911f794cb1432a0103a8a,0,
i3804_m04,3804,4,e355159f292911f794cb1432a0103a8a,e355159f292911f794cb1432a0103a8a,0,
i3804_m08,3804,8,e355159f292911f794cb1432a0103a8a,e355159f292911f794cb1432a0103a8a,0,
i3804_m10,3804,16,e355159f292911f794cb1432a0103a8a,e355159f292911f794cb1432a0103a8a,0,
i3804_m20,3804,32,e355159f292911f794cb1432a0103a8a,e355159f292911f794cb1432a0103a8a,0,
i3804_m40,3804,64,e355159f292911f794cb1432a0103a8a,e355159f292911f794cb1432a0103a8a,0,
i3804_m80,3804,128,e355159f292911f794cb1432a0103a8a,e355159f292911f794cb1432a0103a8a,0,
i3808_m01,3808,1,e355159f292911f794cb1432a0103a8a,e355159f292911f794cb1432a0103a8a,0,
i3808_m02,3808,2,e355159f292911f794cb1432a0103a8a,e355159f292911f794cb1432a0103a8a,0,
i3808_m04,3808,4,e355159f292911f794cb1432a0103a8a,e355159f292911f794cb1432a0103a8a,0,
i3808_m08,3808,8,e355159f292911f794cb1432a0103a8a,e355159f292911f794cb1432a0103a8a,0,
i3808_m10,3808,16,e355159f292911f794cb1432a0103a8a,e355159f292911f794cb1432a0103a8a,0,
i3808_m20,3808,32,e355159f292911f794cb1432a0103a8a,e355159f292911f794cb1432a0103a8a,0,
i3808_m40,3808,64,e355159f292911f794cb1432a0103a8a,e355159f292911f794cb1432a0103a8a,0,
i3808_m80,3808,128,e355159f292911f794cb1432a0103a8a,e355159f292911f794cb1432a0103a8a,0,
i3812_m01,3812,1,e355159f292911f794cb1432a0103a8a,e355159f292911f794cb1432a0103a8a,0,
i3812_m02,3812,2,e355159f292911f794cb1432a0103a8a,e355159f292911f794cb1432a0103a8a,0,
i3812_m04,3812,4,e355159f292911f794cb1432a0103a8a,e355159f292911f794cb1432a0103a8a,0,
i3812_m08,3812,8,e355159f292911f794cb1432a0103a8a,e355159f292911f794cb1432a0103a8a,0,
i3812_m10,3812,16,e355159f292911f794cb1432a0103a8a,e355159f292911f794cb1432a0103a8a,0,
i3812_m20,3812,32,e355159f292911f794cb1432a0103a8a,e355159f292911f794cb1432a0103a8a,0,
i3812_m40,3812,64,e355159f292911f794cb1432a0103a8a,e355159f292911f794cb1432a0103a8a,0,
i3812_m80,3812,128,e355159f292911f794cb1432a0103a8a,e355159f292911f794cb1432a0103a8a,0,
i3816_m01,3816,1,e355159f292911f794cb1432a0103a8a,e355159f292911f794cb1432a0103a8a,0,
i3816_m02,3816,2,e355159f292911f794cb1432a0103a8a,e355159f292911f794cb1432a0103a8a,0,
i3816_m04,3816,4,e355159f292911f794cb1432a0103a8a,e355159f292911f794cb1432a0103a8a,0,
i3816_m08,3816,8,e355159f292911f794cb1432a0103a8a,e355159f292911f794cb1432a0103a8a,0,
i3816_m10,3816,16,e355159f292911f794cb1432a0103a8a,e355159f292911f794cb1432a0103a8a,0,
i3816_m20,3816,32,e355159f292911f794cb1432a0103a8a,e355159f292911f794cb1432a0103a8a,0,
i3816_m40,3816,64,e355159f292911f794cb1432a0103a8a,e355159f292911f794cb1432a0103a8a,0,
i3816_m80,3816,128,e355159f292911f794cb1432a0103a8a,e355159f292911f794cb1432a0103a8a,0,
i3820_m01,3820,1,e355159f292911f794cb1432a0103a8a,e355159f292911f794cb1432a0103a8a,0,
i3820_m02,3820,2,e355159f292911f794cb1432a0103a8a,e355159f292911f794cb1432a0103a8a,0,
i3820_m04,3820,4,e355159f292911f794cb1432a0103a8a,e355159f292911f794cb1432a0103a8a,0,
i3820_m08,3820,8,e355159f292911f794cb1432a0103a8a,e355159f292911f794cb1432a0103a8a,0,
i3820_m10,3820,16,e355159f292911f794cb1432a0103a8a,e355159f292911f794cb1432a0103a8a,0,
i3820_m20,3820,32,e355159f292911f794cb1432a0103a8a,e355159f292911f794cb1432a0103a8a,0,
i3820_m40,3820,64,e355159f292911f794cb1432a0103a8a,e355159f292911f794cb1432a0103a8a,0,
i3820_m80,3820,128,e355159f292911f794cb1432a0103a8a,e355159f292911f794cb1432a0103a8a,0,
i3824_m01,3824,1,e355159f292911f794cb1432a0103a8a,e355159f292911f794cb1432a0103a8a,0,
i3824_m02,3824,2,e355159f292911f794cb1432a0103a8a,e355159f292911f794cb1432a0103a8a,0,
i3824_m04,3824,4,e355159f292911f794cb1432a0103a8a,e355159f292911f794cb1432a0103a8a,0,
i3824_m08,3824,8,e355159f292911f794cb1432a0103a8a,e355159f292911f794cb1432a0103a8a,0,
i3824_m10,3824,16,e355159f292911f794cb1432a0103a8a,e355159f292911f794cb1432a0103a8a,0,
i3824_m20,3824,32,e355159f292911f794cb1432a0103a8a,e355159f292911f794cb1432a0103a8a,0,
i3824_m40,3824,64,e355159f292911f794cb1432a0103a8a,e355159f292911f794cb1432a0103a8a,0,
i3824_m80,3824,128,e355159f292911f794cb1432a0103a8a,e355159f292911f794cb1432a0103a8a,0,
i3828_m01,3828,1,e355159f292911f794cb1432a0103a8a,e355159f292911f794cb1432a0103a8a,0,
i3828_m02,3828,2,e355159f292911f794cb1432a0103a8a,e355159f292911f794cb1432a0103a8a,0,
i3828_m04,3828,4,e355159f292911f794cb1432a0103a8a,e355159f292911f794cb1432a0103a8a,0,
i3828_m08,3828,8,e355159f292911f794cb1432a0103a8a,e355159f292911f794cb1432a0103a8a,0,
i3828_m10,3828,16,e355159f292911f794cb1432a0103a8a,e355159f292911f794cb1432a0103a8a,0,
i3828_m20,3828,32,e355159f292911f794cb1432a0103a8a,e355159f292911f794cb1432a0103a8a,0,
i3828_m40,3828,64,e355159f292911f794cb1432a0103a8a,e355159f292911f794cb1432a0103a8a,0,
i3828_m80,3828,128,e355159f292911f794cb1432a0103a8a,e355159f292911f794cb1432a0103a8a,0,
i3832_m01,3832,1,e355159f292911f794cb1432a0103a8a,e355159f292911f794cb1432a0103a8a,0,
i3832_m02,3832,2,e355159f292911f794cb1432a0103a8a,e355159f292911f794cb1432a0103a8a,0,
i3832_m04,3832,4,e355159f292911f794cb1432a0103a8a,e355159f292911f794cb1432a0103a8a,0,
i3832_m08,3832,8,e355159f292911f794cb1432a0103a8a,e355159f292911f794cb1432a0103a8a,0,
i3832_m10,3832,16,e355159f292911f794cb1432a0103a8a,e355159f292911f794cb1432a0103a8a,0,
i3832_m20,3832,32,e355159f292911f794cb1432a0103a8a,e355159f292911f794cb1432a0103a8a,0,
i3832_m40,3832,64,e355159f292911f794cb1432a0103a8a,e355159f292911f794cb1432a0103a8a,0,
i3832_m80,3832,128,e355159f292911f794cb1432a0103a8a,e355159f292911f794cb1432a0103a8a,0,
i3836_m01,3836,1,e355159f292911f794cb1432a0103a8a,e355159f292911f794cb1432a0103a8a,0,
i3836_m02,3836,2,e355159f292911f794cb1432a0103a8a,e355159f292911f794cb1432a0103a8a,0,
i3836_m04,3836,4,e355159f292911f794cb1432a0103a8a,e355159f292911f794cb1432a0103a8a,0,
i3836_m08,3836,8,e355159f292911f794cb1432a0103a8a,e355159f292911f794cb1432a0103a8a,0,
i3836_m10,3836,16,e355159f292911f794cb1432a0103a8a,e355159f292911f794cb1432a0103a8a,0,
i3836_m20,3836,32,e355159f292911f794cb1432a0103a8a,e355159f292911f794cb1432a0103a8a,0,
i3836_m40,3836,64,e355159f292911f794cb1432a0103a8a,e355159f292911f794cb1432a0103a8a,0,
i3836_m80,3836,128,e355159f292911f794cb1432a0103a8a,e355159f292911f794cb1432a0103a8a,0,
i3840_m01,3840,1,e355159f292911f794cb1432a0103a8a,e355159f292911f694cb1432a0103a8a,1,7
i3840_m02,3840,2,e355159f292911f794cb1432a0103a8a,e355159f292911f594cb1432a0103a8a,1,7
i3840_m04,3840,4,e355159f292911f794cb1432a0103a8a,e355159f292911f394cb1432a0103a8a,1,7
i3840_m08,3840,8,e355159f292911f794cb1432a0103a8a,e355159f292911ff94cb1432a0103a8a,1,7
i3840_m10,3840,16,e355159f292911f794cb1432a0103a8a,e355159f292911f794cb1432a0103a8a,0,
i3840_m20,3840,32,e355159f292911f794cb1432a0103a8a,e355159f292911f794cb1432a0103a8a,0,
i3840_m40,3840,64,e355159f292911f794cb1432a0103a8a,e355159f292911f794cb1432a0103a8a,0,
i3840_m80,3840,128,e355159f292911f794cb1432a0103a8a,e355159f2929117794cb1432a0103a8a,1,7
i3844_m01,3844,1,e355159f292911f794cb1432a0103a8a,e355159e292911f794cb1432a0103a8a,1,3
i3844_m02,3844,2,e355159f292911f794cb1432a0103a8a,e355159d292911f794cb1432a0103a8a,1,3
i3844_m04,3844,4,e355159f292911f794cb1432a0103a8a,e355159b292911f794cb1432a0103a8a,1,3
i3844_m08,3844,8,e355159f292911f794cb1432a0103a8a,e3551597292911f794cb1432a0103a8a,1,3
i3844_m10,3844,16,e355159f292911f794cb1432a0103a8a,e355158f292911f794cb1432a0103a8a,1,3
i3844_m20,3844,32,e355159f292911f794cb1432a0103a8a,e35515bf292911f794cb1432a0103a8a,1,3
i3844_m40,3844,64,e355159f292911f794cb1432a0103a8a,e35515df292911f794cb1432a0103a8a,1,3
i3844_m80,3844,128,e355159f292911f794cb1432a0103a8a,e355151f292911f794cb1432a0103a8a,1,3
i3848_m01,3848,1,e355159f292911f794cb1432a0103a8a,e355159e292911f794cb1432a0103a8a,1,3
i3848_m02,3848,2,e355159f292911f794cb1432a0103a8a,e355159d292911f794cb1432a0103a8a,1,3
i3848_m04,3848,4,e355159f292911f794cb1432a0103a8a,e355159b292911f794cb1432a0103a8a,1,3
i3848_m08,3848,8,e355159f292911f794cb1432a0103a8a,e3551597292911f794cb1432a0103a8a,1,3
i3848_m10,3848,16,e355159f292911f794cb1432a0103a8a,e355158f292911f794cb1432a0103a8a,1,3
i3848_m20,3848,32,e355159f292911f794cb1432a0103a8a,e35515bf292911f794cb1432a0103a8a,1,3
i3848_m40,3848,64,e355159f292911f794cb1432a0103a8a,e35515df292911f794cb1432a0103a8a,1,3
i3848_m80,3848,128,e355159f292911f794cb1432a0103a8a,e355151f292911f794cb1432a0103a8a,1,3
i3852_m01,3852,1,e355159f292911f794cb1432a0103a8a,e355159f292911f794cb1432a0103a8b,1,15
i3852_m02,3852,2,e355159f292911f794cb1432a0103a8a,e355159f292911f794cb1432a0103a8a,0,
i3852_m04,3852,4,e355159f292911f794cb1432a0103a8a,e355159f292911f794cb1432a0103a8a,0,
i3852_m08,3852,8,e355159f292911f794cb1432a0103a8a,e355159f292911f794cb1432a0103a82,1,15
i3852_m10,3852,16,e355159f292911f794cb1432a0103a8a,e355159f292911f794cb1432a0103a9a,1,15
i3852_m20,3852,32,e355159f292911f794cb1432a0103a8a,e355159f292911f794cb1432a0103aaa,1,15
i3852_m40,3852,64,e355159f292911f794cb1432a0103a8a,e355159f292911f794cb1432a0103aca,1,15
i3852_m80,3852,128,e355159f292911f794cb1432a0103a8a,e355159f292911f794cb1432a0103a0a,1,15
i3856_m01,3856,1,e355159f292911f794cb1432a0103a8a,e355159f292911f794cb1433a0103a8a,1,11
i3856_m02,3856,2,e355159f292911f794cb1432a0103a8a,e355159f292911f794cb1430a0103a8a,1,11
i3856_m04,3856,4,e355159f292911f794cb1432a0103a8a,e355159f292911f794cb1436a0103a8a,1,11
i3856_m08,3856,8,e355159f292911f794cb1432a0103a8a,e355159f292911f794cb143aa0103a8a,1,11
i3856_m10,3856,16,e355159f292911f794cb1432a0103a8a,e355159f292911f794cb1422a0103a8a,1,11
i3856_m20,3856,32,e355159f292911f794cb1432a0103a8a,e355159f292911f794cb1412a0103a8a,1,11
i3856_m40,3856,64,e355159f292911f794cb1432a0103a8a,e355159f292911f794cb1472a0103a8a,1,11
i3856_m80,3856,128,e355159f292911f794cb1432a0103a8a,e355159f292911f794cb14b2a0103a8a,1,11
i3860_m01,3860,1,e355159f292911f794cb1432a0103a8a,e355159f292911f794cb1433a0103a8a,1,11
i3860_m02,3860,2,e355159f292911f794cb1432a0103a8a,e355159f292911f794cb1430a0103a8a,1,11
i3860_m04,3860,4,e355159f292911f794cb1432a0103a8a,e355159f292911f794cb1436a0103a8a,1,11
i3860_m08,3860,8,e355159f292911f794cb1432a0103a8a,e355159f292911f794cb143aa0103a8a,1,11
i3860_m10,3860,16,e355159f292911f794cb1432a0103a8a,e355159f292911f794cb1422a0103a8a,1,11
i3860_m20,3860,32,e355159f292911f794cb1432a0103a8a,e355159f292911f794cb1412a0103a8a,1,11
i3860_m40,3860,64,e355159f292911f794cb1432a0103a8a,e355159f292911f794cb1472a0103a8a,1,11
i3860_m80,3860,128,e355159f292911f794cb1432a0103a8a,e355159f292911f794cb14b2a0103a8a,1,11
i3864_m01,3864,1,e355159f292911f794cb1432a0103a8a,e355159f292911f794cb1433a0103a8a,1,11
i3864_m02,3864,2,e355159f292911f794cb1432a0103a8a,e355159f292911f794cb1430a0103a8a,1,11
i3864_m04,3864,4,e355159f292911f794cb1432a0103a8a,e355159f292911f794cb1436a0103a8a,1,11
i3864_m08,3864,8,e355159f292911f794cb1432a0103a8a,e355159f292911f794cb143aa0103a8a,1,11
i3864_m10,3864,16,e355159f292911f794cb1432a0103a8a,e355159f292911f794cb1422a0103a8a,1,11
i3864_m20,3864,32,e355159f292911f794cb1432a0103a8a,e355159f292911f794cb1412a0103a8a,1,11
i3864_m40,3864,64,e355159f292911f794cb1432a0103a8a,e355159f292911f794cb1472a0103a8a,1,11
i3864_m80,3864,128,e355159f292911f794cb1432a0103a8a,e355159f292911f794cb14b2a0103a8a,1,11
i3868_m01,3868,1,e355159f292911f794cb1432a0103a8a,e355159f292911f794cb1432a0103a8b,1,15
i3868_m02,3868,2,e355159f292911f794cb1432a0103a8a,e355159f292911f794cb1432a0103a88,1,15
i3868_m04,3868,4,e355159f292911f794cb1432a0103a8a,e355159f292911f794cb1432a0103a8e,1,15
i3868_m08,3868,8,e355159f292911f794cb1432a0103a8a,e355159f292911f794cb1432a0103a82,1,15
i3868_m10,3868,16,e355159f292911f794cb1432a0103a8a,e355159f292911f794cb1432a0103a9a,1,15
i3868_m20,3868,32,e355159f292911f794cb1432a0103a8a,e355159f292911f794cb1432a0103aaa,1,15
i3868_m40,3868,64,e355159f292911f794cb1432a0103a8a,e355159f292911f794cb1432a0103aca,1,15
i3868_m80,3868,128,e355159f292911f794cb1432a0103a8a,e355159f292911f794cb1432a0103a0a,1,15
i3872_m01,3872,1,e355159f292911f794cb1432a0103a8a,e355159f292911f794cb1432a0103a8a,0,
i3872_m02,3872,2,e355159f292911f794cb1432a0103a8a,e355159f292911f794cb1432a0103a8a,0,
i3872_m04,3872,4,e355159f292911f794cb1432a0103a8a,e355159f292911f794cb1432a0103a8a,0,
i3872_m08,3872,8,e355159f292911f794cb1432a0103a8a,e355159f292911f794cb1432a0103a8a,0,
i3872_m10,3872,16,e355159f292911f794cb1432a0103a8a,e355159f292911f794cb1432a0103a8a,0,
i3872_m20,3872,32,e355159f292911f794cb1432a0103a8a,e355159f292911f794cb1432a0103a8a,0,
i3872_m40,3872,64,e355159f292911f794cb1432a0103a8a,e355159f292911f794cb1432a0103a8a,0,
i3872_m80,3872,128,e355159f292911f794cb1432a0103a8a,e355159f292911f794cb1432a0103a8a,0,
i3876_m01,3876,1,e355159f292911f794cb1432a0103a8a,e355159f292911f694cb1432a0103a8a,1,7
i3876_m02,3876,2,e355159f292911f794cb1432a0103a8a,e355159f292911f594cb1432a0103a8a,1,7
i3876_m04,3876,4,e355159f292911f794cb1432a0103a8a,e355159f292911f394cb1432a0103a8a,1,7
i3876_m08,3876,8,e355159f292911f794cb1432a0103a8a,e355159f292911ff94cb1432a0103a8a,1,7
i3876_m10,3876,16,e355159f292911f794cb1432a0103a8a,e355159f292911e794cb1432a0103a8a,1,7
i3876_m20,3876,32,e355159f292911f794cb1432a0103a8a,e355159f292911d794cb1432a0103a8a,1,7
i3876_m40,3876,64,e355159f292911f794cb1432a0103a8a,e355159f292911b794cb1432a0103a8a,1,7
i3876_m80,3876,128,e355159f292911f794cb1432a0103a8a,e355159f2929117794cb1432a0103a8a,1,7
i3884_m01,3884,1,e355159f292911f794cb1432a0103a8a,e355159f292911f794cb1432a0103a8a,0,
i3884_m02,3884,2,e355159f292911f794cb1432a0103a8a,e355159f292911f794cb1432a0103a8a,0,
i3884_m04,3884,4,e355159f292911f794cb1432a0103a8a,e355159f292911f794cb1432a0103a8a,0,
i3884_m08,3884,8,e355159f292911f794cb1432a0103a8a,e355159f292911f794cb1432a0103a8a,0,
i3884_m10,3884,16,e355159f292911f794cb1432a0103a8a,e355159f292911f794cb1432a0103a8a,0,
i3884_m20,3884,32,e355159f292911f794cb1432a0103a8a,e355159f292911f794cb1432a0103a8a,0,
i3884_m40,3884,64,e355159f292911f794cb1432a0103a8a,e355159f292911f794cb1432a0103a8a,0,
i3884_m80,3884,128,e355159f292911f794cb1432a0103a8a,e355159f292911f794cb1432a0103a8a,0,
i3888_m01,3888,1,e355159f292911f794cb1432a0103a8a,e355159f292911f694cb1432a0103a8a,1,7
i3888_m02,3888,2,e355159f292911f794cb1432a0103a8a,e355159f292911f594cb1432a0103a8a,1,7
i3888_m04,3888,4,e355159f292911f794cb1432a0103a8a,e355159f292911f394cb1432a0103a8a,1,7
i3888_m08,3888,8,e355159f292911f794cb1432a0103a8a,e355159f292911ff94cb1432a0103a8a,1,7
i3888_m10,3888,16,e355159f292911f794cb1432a0103a8a,e355159f292911e794cb1432a0103a8a,1,7
i3888_m20,3888,32,e355159f292911f794cb1432a0103a8a,e355159f292911d794cb1432a0103a8a,1,7
i3888_m40,3888,64,e355159f292911f794cb1432a0103a8a,e355159f292911b794cb1432a0103a8a,1,7
i3888_m80,3888,128,e355159f292911f794cb1432a0103a8a,e355159f2929117794cb1432a0103a8a,1,7
i3892_m01,3892,1,e355159f292911f794cb1432a0103a8a,54169e2e2812f6aeca1733a711398bec,16,"0,1,2,3,4,5,6,7,8,9,10,11,12,13,14,15"
i3892_m02,3892,2,e355159f292911f794cb1432a0103a8a,179d2f2f13f5afba1630a6163888ed5b,16,"0,1,2,3,4,5,6,7,8,9,10,11,12,13,14,15"
i3892_m04,3892,4,e355159f292911f794cb1432a0103a8a,2d2d15f3adb8c7fda4143e8eef591993,15,"0,1,3,4,5,6,7,8,9,10,11,12,13,14,15"
i3892_m08,3892,8,e355159f292911f794cb1432a0103a8a,9cc31c3aa8183282931e1f65d25872e9,16,"0,1,2,3,4,5,6,7,8,9,10,11,12,13,14,15"
i3892_m10,3892,16,e355159f292911f794cb1432a0103a8a,dcd0af56d807c32ba1b4cbf152b0ecc4,16,"0,1,2,3,4,5,6,7,8,9,10,11,12,13,14,15"
i3892_m20,3892,32,e355159f292911f794cb1432a0103a8a,dd7de52387752410931e1f65d25872e9,16,"0,1,2,3,4,5,6,7,8,9,10,11,12,13,14,15"
i3892_m80,3892,128,e355159f292911f794cb1432a0103a8a,dd7de52387752410931e1f65d25872e9,16,"0,1,2,3,4,5,6,7,8,9,10,11,12,13,14,15"
i3896_m01,3896,1,e355159f292911f794cb1432a0103a8a,e355159f292911f794cb1433a0103a8a,1,11
i3896_m02,3896,2,e355159f292911f794cb1432a0103a8a,e355159f292911f794cb1430a0103a8a,1,11
i3896_m04,3896,4,e355159f292911f794cb1432a0103a8a,e355159f292911f794cb1436a0103a8a,1,11
i3896_m08,3896,8,e355159f292911f794cb1432a0103a8a,e355159f292911f794cb143aa0103a8a,1,11
i3896_m10,3896,16,e355159f292911f794cb1432a0103a8a,e355159f292911f794cb1422a0103a8a,1,11
i3896_m20,3896,32,e355159f292911f794cb1432a0103a8a,e355159f292911f794cb1412a0103a8a,1,11
i3896_m40,3896,64,e355159f292911f794cb1432a0103a8a,e355159f292911f794cb1472a0103a8a,1,11
i3896_m80,3896,128,e355159f292911f794cb1432a0103a8a,e355159f292911f794cb14b2a0103a8a,1,11
i3900_m01,3900,1,e355159f292911f794cb1432a0103a8a,e355159f292911f794cb1432a0103a8a,0,
i3900_m02,3900,2,e355159f292911f794cb1432a0103a8a,e355159f292911f794cb1432a0103a8a,0,
i3900_m04,3900,4,e355159f292911f794cb1432a0103a8a,e355159f292911f794cb1432a0103a8a,0,
i3900_m08,3900,8,e355159f292911f794cb1432a0103a8a,e355159f292911f794cb1432a0103a8a,0,
i3900_m10,3900,16,e355159f292911f794cb1432a0103a8a,e355159f292911f794cb1432a0103a8a,0,
i3900_m20,3900,32,e355159f292911f794cb1432a0103a8a,e355159f292911f794cb1432a0103a8a,0,
i3900_m40,3900,64,e355159f292911f794cb1432a0103a8a,e355159f292911f794cb1432a0103a8a,0,
i3900_m80,3900,128,e355159f292911f794cb1432a0103a8a,e355159f292911f794cb1432a0103a8a,0,
i3904_m01,3904,1,e355159f292911f794cb1432a0103a8a,e355159f292911f794cb1432a0103a8a,0,
i3904_m02,3904,2,e355159f292911f794cb1432a0103a8a,e355159f292911f794cb1432a0103a8a,0,
i3904_m04,3904,4,e355159f292911f794cb1432a0103a8a,e355159f292911f794cb1432a0103a8a,0,
i3904_m08,3904,8,e355159f292911f794cb1432a0103a8a,e355159f292911f794cb1432a0103a8a,0,
i3904_m10,3904,16,e355159f292911f794cb1432a0103a8a,e355159f292911f794cb1432a0103a8a,0,
i3904_m20,3904,32,e355159f292911f794cb1432a0103a8a,e355159f292911f794cb1432a0103a8a,0,
i3904_m40,3904,64,e355159f292911f794cb1432a0103a8a,e355159f292911f794cb1432a0103a8a,0,
i3904_m80,3904,128,e355159f292911f794cb1432a0103a8a,e355159f292911f794cb1432a0103a8a,0,
i3908_m01,3908,1,e355159f292911f794cb1432a0103a8a,e355159e292911f794cb1432a0103a8a,1,3
i3908_m02,3908,2,e355159f292911f794cb1432a0103a8a,e355159d292911f794cb1432a0103a8a,1,3
i3908_m04,3908,4,e355159f292911f794cb1432a0103a8a,e355159b292911f794cb1432a0103a8a,1,3
i3908_m08,3908,8,e355159f292911f794cb1432a0103a8a,e3551597292911f794cb1432a0103a8a,1,3
i3908_m10,3908,16,e355159f292911f794cb1432a0103a8a,e355158f292911f794cb1432a0103a8a,1,3
i3908_m20,3908,32,e355159f292911f794cb1432a0103a8a,e35515bf292911f794cb1432a0103a8a,1,3
i3908_m40,3908,64,e355159f292911f794cb1432a0103a8a,e35515df292911f794cb1432a0103a8a,1,3
i3908_m80,3908,128,e355159f292911f794cb1432a0103a8a,e355151f292911f794cb1432a0103a8a,1,3
i3912_m01,3912,1,e355159f292911f794cb1432a0103a8a,e355159e292911f794cb1432a0103a8a,1,3
i3912_m02,3912,2,e355159f292911f794cb1432a0103a8a,e355159d292911f794cb1432a0103a8a,1,3
i3912_m04,3912,4,e355159f292911f794cb1432a0103a8a,e355159b292911f794cb1432a0103a8a,1,3
i3912_m08,3912,8,e355159f292911f794cb1432a0103a8a,e3551597292911f794cb1432a0103a8a,1,3
i3912_m10,3912,16,e355159f292911f794cb1432a0103a8a,e355158f292911f794cb1432a0103a8a,1,3
i3912_m20,3912,32,e355159f292911f794cb1432a0103a8a,e35515bf292911f794cb1432a0103a8a,1,3
i3912_m40,3912,64,e355159f292911f794cb1432a0103a8a,e35515df292911f794cb1432a0103a8a,1,3
i3912_m80,3912,128,e355159f292911f794cb1432a0103a8a,e355151f292911f794cb1432a0103a8a,1,3
i3916_m01,3916,1,e355159f292911f794cb1432a0103a8a,e355159f292911f794cb1432a0103a8a,0,
i3916_m02,3916,2,e355159f292911f794cb1432a0103a8a,e355159f292911f794cb1432a0103a8a,0,
i3916_m04,3916,4,e355159f292911f794cb1432a0103a8a,e755159f292911f794cb1432a0103a8a,1,0
i3916_m08,3916,8,e355159f292911f794cb1432a0103a8a,eb55159f292911f794cb1432a0103a8a,1,0
i3916_m10,3916,16,e355159f292911f794cb1432a0103a8a,f355159f292911f794cb1432a0103a8a,1,0
i3916_m20,3916,32,e355159f292911f794cb1432a0103a8a,e355159f292911f794cb1432a0103a8a,0,
i3916_m40,3916,64,e355159f292911f794cb1432a0103a8a,e355159f292911f794cb1432a0103a8a,0,
i3916_m80,3916,128,e355159f292911f794cb1432a0103a8a,e355159f292911f794cb1432a0103a8a,0,
i3920_m01,3920,1,e355159f292911f794cb1432a0103a8a,e355159f292911f794cb1432a0103a8a,0,
i3920_m02,3920,2,e355159f292911f794cb1432a0103a8a,e355159f292911f794cb1432a0103a8a,0,
i3920_m04,3920,4,e355159f292911f794cb1432a0103a8a,e355159f292911f794cb1432a0103a8a,0,
i3920_m08,3920,8,e355159f292911f794cb1432a0103a8a,e355159f292911f794cb1432a0103a8a,0,
i3920_m10,3920,16,e355159f292911f794cb1432a0103a8a,e355159f292911f794cb1432a0103a8a,0,
i3920_m20,3920,32,e355159f292911f794cb1432a0103a8a,e355159f292911f794cb1432a0103a8a,0,
i3920_m40,3920,64,e355159f292911f794cb1432a0103a8a,e355159f292911f794cb1432a0103a8a,0,
i3920_m80,3920,128,e355159f292911f794cb1432a0103a8a,e355159f292911f794cb1432a0103a8a,0,
i3924_m01,3924,1,e355159f292911f794cb1432a0103a8a,e355159f292911f794cb1432a0103a8a,0,
i3924_m02,3924,2,e355159f292911f794cb1432a0103a8a,e355159f2b2911f794cb1432a0103a8a,1,4
i3924_m04,3924,4,e355159f292911f794cb1432a0103a8a,e355159f2d2911f794cb1432a0103a8a,1,4
i3924_m08,3924,8,e355159f292911f794cb1432a0103a8a,e355159f292911f794cb1432a0103a8a,0,
i3924_m10,3924,16,e355159f292911f794cb1432a0103a8a,e355159f392911f794cb1432a0103a8a,1,4
i3924_m20,3924,32,e355159f292911f794cb1432a0103a8a,e355159f292911f794cb1432a0103a8a,0,
i3924_m40,3924,64,e355159f292911f794cb1432a0103a8a,e355159f692911f794cb1432a0103a8a,1,4
i3924_m80,3924,128,e355159f292911f794cb1432a0103a8a,e355159fa92911f794cb1432a0103a8a,1,4
i3928_m01,3928,1,e355159f292911f794cb1432a0103a8a,e355159f292911f794cb1432a0103a8a,0,
i3928_m02,3928,2,e355159f292911f794cb1432a0103a8a,e355159f292911f794cb1432a0103a8a,0,
i3928_m04,3928,4,e355159f292911f794cb1432a0103a8a,e355159f292911f794cb1432a0103a8a,0,
i3928_m08,3928,8,e355159f292911f794cb1432a0103a8a,e355159f292911f794cb1432a0103a8a,0,
i3928_m10,3928,16,e355159f292911f794cb1432a0103a8a,e355159f292911f794cb1432a0103a8a,0,
i3928_m20,3928,32,e355159f292911f794cb1432a0103a8a,e355159f292911f794cb1432a0103a8a,0,
i3928_m40,3928,64,e355159f292911f794cb1432a0103a8a,e355159f292911f794cb1432a0103a8a,0,
i3928_m80,3928,128,e355159f292911f794cb1432a0103a8a,e355159f292911f794cb1432a0103a8a,0,
i3932_m01,3932,1,e355159f292911f794cb1432a0103a8a,e355159f282911f794cb1432a0103a8a,1,4
i3932_m02,3932,2,e355159f292911f794cb1432a0103a8a,e355159f2b2911f794cb1432a0103a8a,1,4
i3932_m04,3932,4,e355159f292911f794cb1432a0103a8a,e355159f2d2911f794cb1432a0103a8a,1,4
i3932_m08,3932,8,e355159f292911f794cb1432a0103a8a,e355159f212911f794cb1432a0103a8a,1,4
i3932_m10,3932,16,e355159f292911f794cb1432a0103a8a,e355159f392911f794cb1432a0103a8a,1,4
i3932_m20,3932,32,e355159f292911f794cb1432a0103a8a,e355159f092911f794cb1432a0103a8a,1,4
i3932_m40,3932,64,e355159f292911f794cb1432a0103a8a,e355159f692911f794cb1432a0103a8a,1,4
i3932_m80,3932,128,e355159f292911f794cb1432a0103a8a,e355159fa92911f794cb1432a0103a8a,1,4
i3936_m01,3936,1,e355159f292911f794cb1432a0103a8a,e355159f282911f794cb1432a0103a8a,1,4
i3936_m02,3936,2,e355159f292911f794cb1432a0103a8a,e355159f2b2911f794cb1432a0103a8a,1,4
i3936_m04,3936,4,e355159f292911f794cb1432a0103a8a,e355159f2d2911f794cb1432a0103a8a,1,4
i3936_m08,3936,8,e355159f292911f794cb1432a0103a8a,e355159f212911f794cb1432a0103a8a,1,4
i3936_m10,3936,16,e355159f292911f794cb1432a0103a8a,e355159f392911f794cb1432a0103a8a,1,4
i3936_m20,3936,32,e355159f292911f794cb1432a0103a8a,e355159f092911f794cb1432a0103a8a,1,4
i3936_m40,3936,64,e355159f292911f794cb1432a0103a8a,e355159f692911f794cb1432a0103a8a,1,4
i3936_m80,3936,128,e355159f292911f794cb1432a0103a8a,e355159fa92911f794cb1432a0103a8a,1,4
i3940_m01,3940,1,e355159f292911f794cb1432a0103a8a,e255159f292911f794cb1432a0103a8a,1,0
i3940_m02,3940,2,e355159f292911f794cb1432a0103a8a,e155159f292911f794cb1432a0103a8a,1,0
i3940_m04,3940,4,e355159f292911f794cb1432a0103a8a,e755159f292911f794cb1432a0103a8a,1,0
i3940_m08,3940,8,e355159f292911f794cb1432a0103a8a,eb55159f292911f794cb1432a0103a8a,1,0
i3940_m10,3940,16,e355159f292911f794cb1432a0103a8a,f355159f292911f794cb1432a0103a8a,1,0
i3940_m20,3940,32,e355159f292911f794cb1432a0103a8a,c355159f292911f794cb1432a0103a8a,1,0
i3940_m40,3940,64,e355159f292911f794cb1432a0103a8a,a355159f292911f794cb1432a0103a8a,1,0
i3940_m80,3940,128,e355159f292911f794cb1432a0103a8a,6355159f292911f794cb1432a0103a8a,1,0
i3944_m01,3944,1,e355159f292911f794cb1432a0103a8a,e355159f292911f794cb1432a0103a8a,0,
i3944_m02,3944,2,e355159f292911f794cb1432a0103a8a,e355159f292911f794cb1432a2103a8a,1,12
i3944_m04,3944,4,e355159f292911f794cb1432a0103a8a,e355159f292911f794cb1432a0103a8a,0,
i3944_m08,3944,8,e355159f292911f794cb1432a0103a8a,e355159f292911f794cb1432a8103a8a,1,12
i3944_m10,3944,16,e355159f292911f794cb1432a0103a8a,e355159f292911f794cb1432b0103a8a,1,12
i3944_m20,3944,32,e355159f292911f794cb1432a0103a8a,e355159f292911f794cb1432a0103a8a,0,
i3944_m40,3944,64,e355159f292911f794cb1432a0103a8a,e355159f292911f794cb1432a0103a8a,0,
i3944_m80,3944,128,e355159f292911f794cb1432a0103a8a,e355159f292911f794cb1432a0103a8a,0,
i3948_m01,3948,1,e355159f292911f794cb1432a0103a8a,e355159f292911f794cb1432a0103a8a,0,
i3948_m02,3948,2,e355159f292911f794cb1432a0103a8a,e355159f292911f794cb1432a0103a8a,0,
i3948_m04,3948,4,e355159f292911f794cb1432a0103a8a,e355159f292911f794cb1432a0103a8a,0,
i3948_m08,3948,8,e355159f292911f794cb1432a0103a8a,e355159f292911f794cb1432a0103a8a,0,
i3948_m10,3948,16,e355159f292911f794cb1432a0103a8a,e355159f292911f794cb1432a0103a8a,0,
i3948_m20,3948,32,e355159f292911f794cb1432a0103a8a,e355159f292911f794cb1432a0103a8a,0,
i3948_m40,3948,64,e355159f292911f794cb1432a0103a8a,e355159f292911f794cb1432a0103a8a,0,
i3948_m80,3948,128,e355159f292911f794cb1432a0103a8a,e355159f292911f794cb1432a0103a8a,0,
i3952_m01,3952,1,e355159f292911f794cb1432a0103a8a,e355159f292911f795cb1432a0103a8a,1,8
i3952_m02,3952,2,e355159f292911f794cb1432a0103a8a,e355159f292911f796cb1432a0103a8a,1,8
i3952_m04,3952,4,e355159f292911f794cb1432a0103a8a,e355159f292911f790cb1432a0103a8a,1,8
i3952_m08,3952,8,e355159f292911f794cb1432a0103a8a,e355159f292911f79ccb1432a0103a8a,1,8
i3952_m10,3952,16,e355159f292911f794cb1432a0103a8a,e355159f292911f784cb1432a0103a8a,1,8
i3952_m20,3952,32,e355159f292911f794cb1432a0103a8a,e355159f292911f7b4cb1432a0103a8a,1,8
i3952_m40,3952,64,e355159f292911f794cb1432a0103a8a,e355159f292911f7d4cb1432a0103a8a,1,8
i3952_m80,3952,128,e355159f292911f794cb1432a0103a8a,e355159f292911f714cb1432a0103a8a,1,8
i3956_m01,3956,1,e355159f292911f794cb1432a0103a8a,e355159f292911f794cb1432a1103a8a,1,12
i3956_m02,3956,2,e355159f292911f794cb1432a0103a8a,e355159f292911f794cb1432a2103a8a,1,12
i3956_m04,3956,4,e355159f292911f794cb1432a0103a8a,e355159f292911f794cb1432a4103a8a,1,12
i3956_m08,3956,8,e355159f292911f794cb1432a0103a8a,e355159f292911f794cb1432a8103a8a,1,12
i3956_m10,3956,16,e355159f292911f794cb1432a0103a8a,e355159f292911f794cb1432b0103a8a,1,12
i3956_m20,3956,32,e355159f292911f794cb1432a0103a8a,e355159f292911f794cb143280103a8a,1,12
i3956_m40,3956,64,e355159f292911f794cb1432a0103a8a,e355159f292911f794cb1432e0103a8a,1,12
i3956_m80,3956,128,e355159f292911f794cb1432a0103a8a,e355159f292911f794cb143220103a8a,1,12
i3960_m01,3960,1,e355159f292911f794cb1432a0103a8a,e355159f292911f794cb1432a0103a8a,0,
i3960_m02,3960,2,e355159f292911f794cb1432a0103a8a,e355159f292911f794cb1432a0103a8a,0,
i3960_m04,3960,4,e355159f292911f794cb1432a0103a8a,e355159f292911f794cb1432a0103a8a,0,
i3960_m08,3960,8,e355159f292911f794cb1432a0103a8a,e355159f292911f794cb1432a0103a8a,0,
i3960_m10,3960,16,e355159f292911f794cb1432a0103a8a,e355159f292911f794cb1432a0103a8a,0,
i3960_m20,3960,32,e355159f292911f794cb1432a0103a8a,e355159f292911f794cb1432a0103a8a,0,
i3960_m40,3960,64,e355159f292911f794cb1432a0103a8a,e355159f292911f794cb1432a0103a8a,0,
i3960_m80,3960,128,e355159f292911f794cb1432a0103a8a,e355159f292911f794cb1432a0103a8a,0,
i3964_m01,3964,1,e355159f292911f794cb1432a0103a8a,e355159f292911f795cb1432a0103a8a,1,8
i3964_m02,3964,2,e355159f292911f794cb1432a0103a8a,e355159f292911f796cb1432a0103a8a,1,8
i3964_m04,3964,4,e355159f292911f794cb1432a0103a8a,e355159f292911f790cb1432a0103a8a,1,8
i3964_m08,3964,8,e355159f292911f794cb1432a0103a8a,e355159f292911f79ccb1432a0103a8a,1,8
i3964_m10,3964,16,e355159f292911f794cb1432a0103a8a,e355159f292911f784cb1432a0103a8a,1,8
i3964_m20,3964,32,e355159f292911f794cb1432a0103a8a,e355159f292911f7b4cb1432a0103a8a,1,8
i3964_m40,3964,64,e355159f292911f794cb1432a0103a8a,e355159f292911f7d4cb1432a0103a8a,1,8
i3964_m80,3964,128,e355159f292911f794cb1432a0103a8a,e355159f292911f714cb1432a0103a8a,1,8
i3968_m01,3968,1,e355159f292911f794cb1432a0103a8a,00e355159f292911f794cb1432a0103a,15,"0,1,2,3,4,6,7,8,9,10,11,12,13,14,15"
i3968_m02,3968,2,e355159f292911f794cb1432a0103a8a,0000e355159f292911f794cb1432a010,16,"0,1,2,3,4,5,6,7,8,9,10,11,12,13,14,15"
i3968_m04,3968,4,e355159f292911f794cb1432a0103a8a,00000000e355159f292911f794cb1432,16,"0,1,2,3,4,5,6,7,8,9,10,11,12,13,14,15"
i3968_m08,3968,8,e355159f292911f794cb1432a0103a8a,0000000000000000e355159f292911f7,16,"0,1,2,3,4,5,6,7,8,9,10,11,12,13,14,15"
i3968_m10,3968,16,e355159f292911f794cb1432a0103a8a,00000000000000000000000000000000,16,"0,1,2,3,4,5,6,7,8,9,10,11,12,13,14,15"
i3968_m20,3968,32,e355159f292911f794cb1432a0103a8a,00000000000000000000000000000000,16,"0,1,2,3,4,5,6,7,8,9,10,11,12,13,14,15"
i3968_m40,3968,64,e355159f292911f794cb1432a0103a8a,00000000000000000000000000000000,16,"0,1,2,3,4,5,6,7,8,9,10,11,12,13,14,15"
i3968_m80,3968,128,e355159f292911f794cb1432a0103a8a,00000000000000000000000000000000,16,"0,1,2,3,4,5,6,7,8,9,10,11,12,13,14,15"
i3972_m01,3972,1,e355159f292911f794cb1432a0103a8a,0055159f292911f794cb1432a0103a8a,1,0
i3972_m02,3972,2,e355159f292911f794cb1432a0103a8a,0055159f292911f794cb1432a0103a8a,1,0
i3972_m04,3972,4,e355159f292911f794cb1432a0103a8a,0055159f292911f794cb1432a0103a8a,1,0
i3972_m08,3972,8,e355159f292911f794cb1432a0103a8a,0055159f292911f794cb1432a0103a8a,1,0
i3972_m10,3972,16,e355159f292911f794cb1432a0103a8a,0055159f292911f794cb1432a0103a8a,1,0
i3972_m20,3972,32,e355159f292911f794cb1432a0103a8a,0055159f292911f794cb1432a0103a8a,1,0
i3972_m40,3972,64,e355159f292911f794cb1432a0103a8a,0055159f292911f794cb1432a0103a8a,1,0
i3972_m80,3972,128,e355159f292911f794cb1432a0103a8a,0055159f292911f794cb1432a0103a8a,1,0
i3976_m01,3976,1,e355159f292911f794cb1432a0103a8a,5500159f292911f794cb1432a0103a8a,2,"0,1"
i3976_m02,3976,2,e355159f292911f794cb1432a0103a8a,e300159f292911f794cb1432a0103a8a,1,1
i3976_m04,3976,4,e355159f292911f794cb1432a0103a8a,e300159f292911f794cb1432a0103a8a,1,1
i3976_m08,3976,8,e355159f292911f794cb1432a0103a8a,e300159f292911f794cb1432a0103a8a,1,1
i3976_m10,3976,16,e355159f292911f794cb1432a0103a8a,e300159f292911f794cb1432a0103a8a,1,1
i3976_m20,3976,32,e355159f292911f794cb1432a0103a8a,e300159f292911f794cb1432a0103a8a,1,1
i3976_m40,3976,64,e355159f292911f794cb1432a0103a8a,e300159f292911f794cb1432a0103a8a,1,1
i3976_m80,3976,128,e355159f292911f794cb1432a0103a8a,e300159f292911f794cb1432a0103a8a,1,1
i3980_m01,3980,1,e355159f292911f794cb1432a0103a8a,e355009f292911f794cb1432a0103a8a,1,2
i3980_m02,3980,2,e355159f292911f794cb1432a0103a8a,1555009f292911f794cb1432a0103a8a,2,"0,2"
i3980_m04,3980,4,e355159f292911f794cb1432a0103a8a,e355009f292911f794cb1432a0103a8a,1,2
i3980_m08,3980,8,e355159f292911f794cb1432a0103a8a,e355009f292911f794cb1432a0103a8a,1,2
i3980_m10,3980,16,e355159f292911f794cb1432a0103a8a,e355009f292911f794cb1432a0103a8a,1,2
i3980_m20,3980,32,e355159f292911f794cb1432a0103a8a,e355009f292911f794cb1432a0103a8a,1,2
i3980_m40,3980,64,e355159f292911f794cb1432a0103a8a,e355009f292911f794cb1432a0103a8a,1,2
i3980_m80,3980,128,e355159f292911f794cb1432a0103a8a,e355009f292911f794cb1432a0103a8a,1,2
i3984_m01,3984,1,e355159f292911f794cb1432a0103a8a,e3559f00292911f794cb1432a0103a8a,2,"2,3"
i3984_m02,3984,2,e355159f292911f794cb1432a0103a8a,e39f1500292911f794cb1432a0103a8a,2,"1,3"
i3984_m04,3984,4,e355159f292911f794cb1432a0103a8a,e3551500292911f794cb1432a0103a8a,1,3
i3984_m08,3984,8,e355159f292911f794cb1432a0103a8a,e3551500292911f794cb1432a0103a8a,1,3
i3984_m10,3984,16,e355159f292911f794cb1432a0103a8a,e3551500292911f794cb1432a0103a8a,1,3
i3984_m20,3984,32,e355159f292911f794cb1432a0103a8a,e3551500292911f794cb1432a0103a8a,1,3
i3984_m40,3984,64,e355159f292911f794cb1432a0103a8a,e3551500292911f794cb1432a0103a8a,1,3
i3984_m80,3984,128,e355159f292911f794cb1432a0103a8a,e3551500292911f794cb1432a0103a8a,1,3
i3988_m01,3988,1,e355159f292911f794cb1432a0103a8a,e355159f002911f794cb1432a0103a8a,1,4
i3988_m02,3988,2,e355159f292911f794cb1432a0103a8a,e355159f002911f794cb1432a0103a8a,1,4
i3988_m04,3988,4,e355159f292911f794cb1432a0103a8a,2955159f002911f794cb1432a0103a8a,2,"0,4"
i3988_m08,3988,8,e355159f292911f794cb1432a0103a8a,e355159f002911f794cb1432a0103a8a,1,4
i3988_m10,3988,16,e355159f292911f794cb1432a0103a8a,e355159f002911f794cb1432a0103a8a,1,4
i3988_m20,3988,32,e355159f292911f794cb1432a0103a8a,e355159f002911f794cb1432a0103a8a,1,4
i3988_m40,3988,64,e355159f292911f794cb1432a0103a8a,e355159f002911f794cb1432a0103a8a,1,4
i3988_m80,3988,128,e355159f292911f794cb1432a0103a8a,e355159f002911f794cb1432a0103a8a,1,4
i3992_m01,3992,1,e355159f292911f794cb1432a0103a8a,e355159f290011f794cb1432a0103a8a,1,5
i3992_m02,3992,2,e355159f292911f794cb1432a0103a8a,e355159f290011f794cb1432a0103a8a,1,5
i3992_m04,3992,4,e355159f292911f794cb1432a0103a8a,e329159f290011f794cb1432a0103a8a,2,"1,5"
i3992_m08,3992,8,e355159f292911f794cb1432a0103a8a,e355159f290011f794cb1432a0103a8a,1,5
i3992_m10,3992,16,e355159f292911f794cb1432a0103a8a,e355159f290011f794cb1432a0103a8a,1,5
i3992_m20,3992,32,e355159f292911f794cb1432a0103a8a,e355159f290011f794cb1432a0103a8a,1,5
i3992_m40,3992,64,e355159f292911f794cb1432a0103a8a,e355159f290011f794cb1432a0103a8a,1,5
i3992_m80,3992,128,e355159f292911f794cb1432a0103a8a,e355159f290011f794cb1432a0103a8a,1,5
i3996_m01,3996,1,e355159f292911f794cb1432a0103a8a,e355159f292900f794cb1432a0103a8a,1,6
i3996_m02,3996,2,e355159f292911f794cb1432a0103a8a,e355159f112900f794cb1432a0103a8a,2,"4,6"
i3996_m04,3996,4,e355159f292911f794cb1432a0103a8a,e355119f292900f794cb1432a0103a8a,2,"2,6"
i3996_m08,3996,8,e355159f292911f794cb1432a0103a8a,e355159f292900f794cb1432a0103a8a,1,6
i3996_m10,3996,16,e355159f292911f794cb1432a0103a8a,e355159f292900f794cb1432a0103a8a,1,6
i3996_m20,3996,32,e355159f292911f794cb1432a0103a8a,e355159f292900f794cb1432a0103a8a,1,6
i3996_m40,3996,64,e355159f292911f794cb1432a0103a8a,e355159f292900f794cb1432a0103a8a,1,6
i3996_m80,3996,128,e355159f292911f794cb1432a0103a8a,e355159f292900f794cb1432a0103a8a,1,6
i4000_m01,4000,1,e355159f292911f794cb1432a0103a8a,e355159f2929f70094cb1432a0103a8a,2,"6,7"
i4000_m02,4000,2,e355159f292911f794cb1432a0103a8a,e355159f29f7110094cb1432a0103a8a,2,"5,7"
i4000_m04,4000,4,e355159f292911f794cb1432a0103a8a,e35515f72929110094cb1432a0103a8a,2,"3,7"
i4000_m08,4000,8,e355159f292911f794cb1432a0103a8a,e355159f2929110094cb1432a0103a8a,1,7
i4000_m10,4000,16,e355159f292911f794cb1432a0103a8a,e355159f2929110094cb1432a0103a8a,1,7
i4000_m20,4000,32,e355159f292911f794cb1432a0103a8a,e355159f2929110094cb1432a0103a8a,1,7
i4000_m40,4000,64,e355159f292911f794cb1432a0103a8a,e355159f2929110094cb1432a0103a8a,1,7
i4000_m80,4000,128,e355159f292911f794cb1432a0103a8a,e355159f2929110094cb1432a0103a8a,1,7
i4004_m01,4004,1,e355159f292911f794cb1432a0103a8a,e355159f292911f700cb1432a0103a8a,1,8
i4004_m02,4004,2,e355159f292911f794cb1432a0103a8a,e355159f292911f700cb1432a0103a8a,1,8
i4004_m04,4004,4,e355159f292911f794cb1432a0103a8a,e355159f292911f700cb1432a0103a8a,1,8
i4004_m08,4004,8,e355159f292911f794cb1432a0103a8a,9455159f292911f700cb1432a0103a8a,2,"0,8"
i4004_m10,4004,16,e355159f292911f794cb1432a0103a8a,e355159f292911f700cb1432a0103a8a,1,8
i4004_m20,4004,32,e355159f292911f794cb1432a0103a8a,e355159f292911f700cb1432a0103a8a,1,8
i4004_m40,4004,64,e355159f292911f794cb1432a0103a8a,e355159f292911f700cb1432a0103a8a,1,8
i4004_m80,4004,128,e355159f292911f794cb1432a0103a8a,e355159f292911f700cb1432a0103a8a,1,8
i4008_m01,4008,1,e355159f292911f794cb1432a0103a8a,e355159f292911f7cb001432a0103a8a,2,"8,9"
i4008_m02,4008,2,e355159f292911f794cb1432a0103a8a,e355159f292911f794001432a0103a8a,1,9
i4008_m04,4008,4,e355159f292911f794cb1432a0103a8a,e355159f292911f794001432a0103a8a,1,9
i4008_m08,4008,8,e355159f292911f794cb1432a0103a8a,e3cb159f292911f794001432a0103a8a,2,"1,9"
i4008_m10,4008,16,e355159f292911f794cb1432a0103a8a,e355159f292911f794001432a0103a8a,1,9
i4008_m20,4008,32,e355159f292911f794cb1432a0103a8a,e355159f292911f794001432a0103a8a,1,9
i4008_m40,4008,64,e355159f292911f794cb1432a0103a8a,e355159f292911f794001432a0103a8a,1,9
i4008_m80,4008,128,e355159f292911f794cb1432a0103a8a,e355159f292911f794001432a0103a8a,1,9
i4012_m01,4012,1,e355159f292911f794cb1432a0103a8a,e355159f292911f794cb0032a0103a8a,1,10
i4012_m02,4012,2,e355159f292911f794cb1432a0103a8a,e355159f292911f714cb0032a0103a8a,2,"8,10"
i4012_m04,4012,4,e355159f292911f794cb1432a0103a8a,e355159f292911f794cb0032a0103a8a,1,10
i4012_m08,4012,8,e355159f292911f794cb1432a0103a8a,e355149f292911f794cb0032a0103a8a,2,"2,10"
i4012_m10,4012,16,e355159f292911f794cb1432a0103a8a,e355159f292911f794cb0032a0103a8a,1,10
i4012_m20,4012,32,e355159f292911f794cb1432a0103a8a,e355159f292911f794cb0032a0103a8a,1,10
i4012_m40,4012,64,e355159f292911f794cb1432a0103a8a,e355159f292911f794cb0032a0103a8a,1,10
i4012_m80,4012,128,e355159f292911f794cb1432a0103a8a,e355159f292911f794cb0032a0103a8a,1,10
i4016_m01,4016,1,e355159f292911f794cb1432a0103a8a,e355159f292911f794cb3200a0103a8a,2,"10,11"
i4016_m02,4016,2,e355159f292911f794cb1432a0103a8a,e355159f292911f794321400a0103a8a,2,"9,11"
i4016_m04,4016,4,e355159f292911f794cb1432a0103a8a,e355159f292911f794cb1400a0103a8a,1,11
i4016_m08,4016,8,e355159f292911f794cb1432a0103a8a,e3551532292911f794cb1400a0103a8a,2,"3,11"
i4016_m10,4016,16,e355159f292911f794cb1432a0103a8a,e355159f292911f794cb1400a0103a8a,1,11
i4016_m20,4016,32,e355159f292911f794cb1432a0103a8a,e355159f292911f794cb1400a0103a8a,1,11
i4016_m40,4016,64,e355159f292911f794cb1432a0103a8a,e355159f292911f794cb1400a0103a8a,1,11
i4016_m80,4016,128,e355159f292911f794cb1432a0103a8a,e355159f292911f794cb1400a0103a8a,1,11
i4020_m01,4020,1,e355159f292911f794cb1432a0103a8a,e355159f292911f794cb143200103a8a,1,12
i4020_m02,4020,2,e355159f292911f794cb1432a0103a8a,e355159f292911f794cb143200103a8a,1,12
i4020_m04,4020,4,e355159f292911f794cb1432a0103a8a,e355159f292911f7a0cb143200103a8a,2,"8,12"
i4020_m08,4020,8,e355159f292911f794cb1432a0103a8a,e355159fa02911f794cb143200103a8a,2,"4,12"
i4020_m10,4020,16,e355159f292911f794cb1432a0103a8a,e355159f292911f794cb143200103a8a,1,12
i4020_m20,4020,32,e355159f292911f794cb1432a0103a8a,e355159f292911f794cb143200103a8a,1,12
i4020_m40,4020,64,e355159f292911f794cb1432a0103a8a,e355159f292911f794cb143200103a8a,1,12
i4020_m80,4020,128,e355159f292911f794cb1432a0103a8a,e355159f292911f794cb143200103a8a,1,12
i4024_m01,4024,1,e355159f292911f794cb1432a0103a8a,e355159f292911f794cb143210003a8a,2,"12,13"
i4024_m02,4024,2,e355159f292911f794cb1432a0103a8a,e355159f292911f794cb1432a0003a8a,1,13
i4024_m04,4024,4,e355159f292911f794cb1432a0103a8a,e355159f292911f794101432a0003a8a,2,"9,13"
i4024_m08,4024,8,e355159f292911f794cb1432a0103a8a,e355159f291011f794cb1432a0003a8a,2,"5,13"
i4024_m10,4024,16,e355159f292911f794cb1432a0103a8a,e355159f292911f794cb1432a0003a8a,1,13
i4024_m20,4024,32,e355159f292911f794cb1432a0103a8a,e355159f292911f794cb1432a0003a8a,1,13
i4024_m40,4024,64,e355159f292911f794cb1432a0103a8a,e355159f292911f794cb1432a0003a8a,1,13
i4024_m80,4024,128,e355159f292911f794cb1432a0103a8a,e355159f292911f794cb1432a0003a8a,1,13
i4028_m01,4028,1,e355159f292911f794cb1432a0103a8a,e355159f292911f794cb1432a010008a,1,14
i4028_m02,4028,2,e355159f292911f794cb1432a0103a8a,e355159f292911f794cb14323a10008a,2,"12,14"
i4028_m04,4028,4,e355159f292911f794cb1432a0103a8a,e355159f292911f794cb3a32a010008a,2,"10,14"
i4028_m08,4028,8,e355159f292911f794cb1432a0103a8a,e355159f29293af794cb1432a010008a,2,"6,14"
i4028_m10,4028,16,e355159f292911f794cb1432a0103a8a,e355159f292911f794cb1432a010008a,1,14
i4028_m20,4028,32,e355159f292911f794cb1432a0103a8a,e355159f292911f794cb1432a010008a,1,14
i4028_m40,4028,64,e355159f292911f794cb1432a0103a8a,e355159f292911f794cb1432a010008a,1,14
i4028_m80,4028,128,e355159f292911f794cb1432a0103a8a,e355159f292911f794cb1432a010008a,1,14
i4032_m01,4032,1,e355159f292911f794cb1432a0103a8a,e355159f292911f794cb1432a0108a00,2,"14,15"
i4032_m02,4032,2,e355159f292911f794cb1432a0103a8a,e355159f292911f794cb1432a08a3a00,2,"13,15"
i4032_m04,4032,4,e355159f292911f794cb1432a0103a8a,e355159f292911f794cb148aa0103a00,2,"11,15"
i4032_m08,4032,8,e355159f292911f794cb1432a0103a8a,e355159f2929118a94cb1432a0103a00,2,"7,15"
i4032_m10,4032,16,e355159f292911f794cb1432a0103a8a,e355159f292911f794cb1432a0103a00,1,15
i4032_m20,4032,32,e355159f292911f794cb1432a0103a8a,e355159f292911f794cb1432a0103a00,1,15
i4032_m40,4032,64,e355159f292911f794cb1432a0103a8a,e355159f292911f794cb1432a0103a00,1,15
i4032_m80,4032,128,e355159f292911f794cb1432a0103a8a,e355159f292911f794cb1432a0103a00,1,15
i4036_m04,4036,4,e355159f292911f794cb1432a0103a8a,e355159f292911f794cb1432a0103a8a,0,
i4036_m08,4036,8,e355159f292911f794cb1432a0103a8a,e355159f292911f794cb1432a0103a8a,0,
i4036_m20,4036,32,e355159f292911f794cb1432a0103a8a,e355159f292911f794cb1432a0103a8a,0,
